county,waterbody,WBIC,surveyYear,surveySeqNo,surveyBeginDate,surveyEndDate,populationEstimate,CV,lower95CI,numberPerAcre,totalAmtPE,totalAmtCV,maleAmtCnt,maleAmtCV,femaleAmtCnt,femaleAmtCV,notes
WASHBURN,BALSAM LAKE,2112800,2005,85775,2005-04-08,2005-04-16,1003,0.24,538,3.4,NA,NA,551,0.2,236,0.45,NA
WASHBURN,BALSAM LAKE,2112800,2010,79142015,2010-04-03,2010-04-12,479,0.35,153,1.62,NA,NA,276,0.35,93,0.49,NA
WASHBURN,BASS LAKE,2451900,1995,73248,1995-03-01,1995-05-15,2294,0.05,2025,12.2,NA,NA,2233,0.06,27,0.31,NA
WASHBURN,BASS LAKE,2451900,1996,73265,1996-03-01,1996-05-15,2013,0.04,1838.8,10.7,NA,NA,1724,0.04,307,0.25,NA
WASHBURN,BASS LAKE,2451900,1997,73280,1997-03-01,1997-05-15,2142,0.07,1840.7,11.39,NA,NA,1838,0.05,229,0.38,NA
WASHBURN,BASS LAKE,2451900,1998,73293,1998-03-01,1998-05-15,911,0.19,347.2,4.84,NA,NA,847,0.07,22,0.38,NA
WASHBURN,BASS LAKE,2451900,1999,73131,1999-03-01,1999-05-15,775,0.05,692.2,4.12,2501,0.38,611,0.04,126,0.38,NA
WASHBURN,BASS LAKE,2451900,2000,73328,2000-03-01,2000-05-15,993,0.08,822.1,5.28,NA,NA,708,0.07,208,0.29,NA
WASHBURN,BASS LAKE,2451900,2001,73345,2001-03-01,2001-05-15,865,0.11,678.5,4.6,NA,NA,683,0.04,124,0.59,NA
WASHBURN,BASS LAKE,2451900,2002,73359,2002-03-01,2002-05-15,702,0.09,NA,3.73,NA,NA,NA,NA,NA,NA,NA
WASHBURN,BASS LAKE,2451900,2003,73373,2003-03-01,2003-05-15,609,0.09,NA,3.24,NA,NA,NA,NA,NA,NA,NA
WASHBURN,BASS LAKE,2451900,2004,82352,2004-04-18,2004-04-20,1104,0.1,883.2,5.87,NA,NA,870,0.08,210,0.46,NA
WASHBURN,BASS LAKE,2451900,2005,85843,2005-04-12,2005-04-14,987,0.12,757.5,5.25,NA,NA,773,0.1,106,0.57,NA
WASHBURN,BASS LAKE,2451900,2006,95524,2006-04-12,2006-04-14,722,0.18,463.3,3.84,NA,NA,570,0.17,31,0.36,NA
WASHBURN,BASS LAKE,2451900,2007,96935,2007-04-08,2007-04-14,625,0.06,550.2,3.32,NA,NA,530,0.05,71,0.24,NA
WASHBURN,GILMORE LAKE,2695800,2005,85776,2005-04-11,2005-04-13,144,0.11,113,0.4,NA,NA,71,0.12,66,0.17,NA
WASHBURN,HORSESHOE LAKE,2470000,2014,504052997,2014-04-30,2014-05-02,27,0.31,10,0.14,NA,NA,12,0.19,21,0.5,NA
WASHBURN,LAKE NANCY,2691500,1998,31106,1998-04-30,1998-04-30,1447,0.05,1304,1.87,2629,0.18,1154,0.04,220,0.22,NA
WASHBURN,LAKE NANCY,2691500,2012,296893680,2012-03-23,2012-03-30,41,0,41,0.05,NA,NA,8,0,37,0,REJECTED BY TWG
WASHBURN,LONG LAKE,2106800,1998,73294,1998-03-01,1998-05-15,4420,0.07,672.9,1.34,NA,NA,3730,0.06,1104,0.64,NA
WASHBURN,LONG LAKE,2106800,2001,31260,2001-04-30,2001-04-30,4966,0.06,4322,1.5,7173,0.13,2758,0.06,1766,0.16,NA
WASHBURN,LONG LAKE,2106800,2003,73374,2003-03-01,2003-05-15,3104,0.05,NA,0.94,NA,NA,NA,NA,NA,NA,NA
WASHBURN,LONG LAKE,2106800,2009,23439583,2009-04-11,2009-04-19,6915,0.07,6013,2.1,NA,NA,4867,0.05,2349,0.29,NA
WASHBURN,LONG LAKE,2106800,2015,515079677,2015-04-02,2015-04-14,8481,0.05,7585,2.58,NA,NA,6127,0.04,5130,0.3,NA
WASHBURN,MATTHEWS LAKE,2710800,2014,504052998,2014-05-01,2014-05-04,31,0.22,18,0.12,NA,NA,14,0,18,0.21,NA
WASHBURN,SHELL LAKE,2496300,1999,31143,1999-04-01,1999-04-01,2092,0.11,1641,0.81,7994,0.24,1659,0.11,698,0.55,NA
WASHBURN,SHELL LAKE,2496300,2013,403234452,2013-05-10,2013-05-15,1490,0.36,445,0.58,NA,NA,709,0.35,372,0.59,NA
WASHBURN,STONE LAKE,1884100,2010,79142029,2010-04-01,2010-04-09,458,0.16,310,0.88,NA,NA,419,0.17,24,0,NA
VILAS,ALDER LAKE,2329600,1999,31178,1999-04-15,1999-04-15,2662,0.16,1831,9.71,7742,0.39,1931,0.18,1171,0.55,NA
VILAS,ALDER LAKE,2329600,2004,82342,2004-04-21,2004-05-13,1664,0.11,1301,6.1,5687,0.52,1011,0.11,545,0.3,NA
VILAS,ALLEQUASH LAKE,2332400,1995,31019,1995-04-28,1995-04-28,419,0.09,342.4,0.98,536,0.16,228,0.09,203,0.25,NA
VILAS,ALLEQUASH LAKE,2332400,2010,79142005,2010-04-02,2010-04-06,510,0.07,444,1.2,NA,NA,279,0.05,246,0.2,NA
VILAS,AMIK LAKE,2268600,1998,73028,1998-04-11,1998-04-29,87,0.29,38,0.39,1804,0.37,17,0.12,30,0.23,NA
VILAS,AMIK LAKE,2268600,2005,85767,2005-04-13,2005-04-30,207,0.36,62,0.9,NA,NA,30,0.28,80,0.47,NA
VILAS,ANNABELLE LAKE,2953800,1995,73243,1995-03-01,1995-05-15,362,0.07,310,1.69,8425,0.38,331,0.08,35,0.17,NA
VILAS,ANNABELLE LAKE,2953800,1996,73258,1996-03-01,1996-05-15,308,0.21,176.5,1.44,NA,NA,157,0.25,83,0.22,NA
VILAS,ANNABELLE LAKE,2953800,1997,73274,1997-03-01,1997-05-15,814,0.19,505.4,3.82,NA,NA,727,0.2,67,0.47,NA
VILAS,ANNABELLE LAKE,2953800,1999,73302,1999-03-01,1999-05-15,990,0.14,843,4.64,NA,NA,830,0.16,103,0.3,NA
VILAS,ANNABELLE LAKE,2953800,2002,73354,2002-03-01,2002-05-15,950,0.13,NA,4.46,NA,NA,NA,NA,NA,NA,NA
VILAS,ANNABELLE LAKE,2953800,2003,73368,2003-03-01,2003-05-15,304,0.31,NA,1.43,NA,NA,NA,NA,NA,NA,NA
VILAS,ANNABELLE LAKE,2953800,2005,85834,2005-04-13,2005-04-14,950,0.41,189.3,4.46,NA,NA,909,0.43,18,0.31,NA
VILAS,ANNABELLE LAKE,2953800,2007,96929,2007-04-17,2007-04-21,467,0.23,255.1,2.19,NA,NA,410,0.25,44,0.2,NA
VILAS,ANVIL LAKE,968800,2006,95523,2006-04-17,2006-04-19,1880,0.07,1637,4.95,NA,NA,1633,0.06,279,0.38,NA
VILAS,ANVIL LAKE,968800,2007,96798,2007-04-20,2007-04-23,2171,0.09,1807.5,5.46,NA,NA,1639,0.09,603,0.38,NA
VILAS,BALLARD LAKE,2340700,2001,31025,2001-04-24,2001-06-12,5200,0.06,4572,10.3,21493,0.24,4310,0.06,982,0.44,NA
VILAS,BALLARD LAKE,2340700,2011,181172731,2011-04-23,2011-04-28,2004,0.1,1607.6,3.97,NA,NA,1035,0.1,1177,0.24,NA
VILAS,BIG ARBOR VITAE LAKE,1545600,1996,73259,1996-03-01,1996-05-15,5793,0.04,5233.7,5.31,NA,NA,5118,0.03,263,0.36,NA
VILAS,BIG ARBOR VITAE LAKE,1545600,1998,31028,1998-04-14,1998-04-14,5329,7.4,4555,4.89,36716,0.26,4755,7.4,638,37.5,NA
VILAS,BIG ARBOR VITAE LAKE,1545600,2001,73341,2001-03-01,2001-05-15,8114,0.04,7369.3,7.44,NA,NA,7577,0.04,832,0.56,NA
VILAS,BIG ARBOR VITAE LAKE,1545600,2005,85790,2005-04-17,2005-04-24,6860,0.05,6255,6.3,NA,NA,6227,0.04,731,0.39,NA
VILAS,BIG ARBOR VITAE LAKE,1545600,2008,905368,2008-05-05,2008-05-08,6290,0.23,3479.5,5.77,NA,NA,3678,0.08,2997,0.5,NA
VILAS,BIG ARBOR VITAE LAKE,1545600,2011,181172732,2011-04-29,2011-05-02,8515,0.08,7172.3,7.81,NA,NA,7446,0.08,894,0.42,NA
VILAS,BIG ARBOR VITAE LAKE,1545600,2014,504052965,2014-05-11,2014-05-15,8253,0.12,6363,7.57,NA,NA,5409,0.12,2364,0.51,NA
VILAS,BIG CROOKED LAKE,2338800,1995,73006,1995-04-23,1995-04-26,5156,0.18,3273.3,7.56,NA,NA,4682,0.19,218,0.34,NA
VILAS,BIG CROOKED LAKE,2338800,1996,73013,1996-05-17,1996-05-18,4922,0.1,3898,7.21,NA,NA,4014,0.08,855,0.39,NA
VILAS,BIG CROOKED LAKE,2338800,1997,73019,1997-04-30,1997-05-02,4371,0.08,3625,6.4,NA,NA,4015,0.08,341,0.56,NA
VILAS,BIG CROOKED LAKE,2338800,1998,73033,1998-04-10,1998-05-18,4425,4.2,4059,6.48,8320,0.33,3831,3.9,2245,50.4,NA
VILAS,BIG CROOKED LAKE,2338800,1999,73050,1999-04-17,1999-04-24,2653,0.11,2046,3.89,NA,NA,1851,0.13,918,0.34,BIG CROOKED NA W/OUT REMOVAL
VILAS,BIG CROOKED LAKE,2338800,1999,73049,1999-04-17,1999-04-24,4844,0.12,3696,7.1,NA,NA,4137,0.14,918,0.34,BIG CROOKED NA W/OUT REMOVAL
VILAS,BIG CROOKED LAKE,2338800,2000,73062,2000-04-01,2000-04-26,2239,0.1,1803,3.28,NA,NA,1149,0.08,2163,0.4,NA
VILAS,BIG CROOKED LAKE,2338800,2001,73072,2001-04-23,2001-05-02,2392,0.21,1377.1,3.5,NA,NA,978,0.19,1763,0.45,"+BIG CROOKED RECAPTURES INCLUDED ELECTROFISHING, ANGLING (THROUGH 6/26/01), AND GILLNETTING.  METHODS WERE COMBINED."
VILAS,BIG CROOKED LAKE,2338800,2002,73095,2002-04-21,2002-06-25,2042,0.13,1462,2.99,NA,NA,1115,0.16,782,0.22,NA
VILAS,BIG CROOKED LAKE,2338800,2003,73121,2003-04-27,2003-05-19,1318,0.21,760.7,1.93,NA,NA,635,0.23,564,0.35,NA
VILAS,BIG CROOKED LAKE,2338800,2003,73120,2003-04-27,2003-05-19,2049,0.17,1335.7,3,NA,NA,673,0.22,817,0.2,NA
VILAS,BIG CROOKED LAKE,2338800,2004,82347,2004-04-21,2004-05-23,1277,0.14,925,1.9,NA,0,829,0.13,462,0.36,NA
VILAS,BIG CROOKED LAKE,2338800,2005,85791,2005-04-15,2005-04-25,701,0.09,578,1,NA,NA,456,0.09,250,0.21,NA
VILAS,BIG CROOKED LAKE,2338800,2006,95505,2006-04-16,2006-04-25,1301,0.11,1008.8,1.91,NA,NA,822,0.13,479,0.38,NA
VILAS,BIG CROOKED LAKE,2338800,2007,96799,2007-04-19,2007-04-25,1724,0.15,1223.1,2.53,NA,NA,1168,0.11,499,0.42,NA
VILAS,BIG CROOKED LAKE,2338800,2008,905369,2008-05-02,2008-05-08,1898,0.13,1403.7,2.78,NA,NA,1074,0.15,995,0.4,NA
VILAS,BIG CROOKED LAKE,2338800,2009,23439601,2009-02-24,2009-04-30,1758,0.18,1133.4,2.58,NA,NA,858,0.08,918,0.35,NA
VILAS,BIG CROOKED LAKE,2338800,2010,79142006,2010-04-02,2010-04-15,940,0.06,831,1.38,NA,NA,686,0.06,261,0.14,NA
VILAS,BIG LAKE,2334700,1995,31032,1995-04-29,1995-06-12,3361,0.08,2816.1,4.03,3571,0.08,2518,0.08,701,0.22,NA
VILAS,BIG LAKE,2334700,2001,73340,2001-03-01,2001-05-15,2631,0.05,2330.6,3.15,NA,NA,2215,0.05,326,0.37,NA
VILAS,BIG LAKE,2334700,2006,95526,2006-04-17,2006-04-20,2428,0.07,2112.4,2.91,NA,NA,2142,0.07,258,0.39,NA
VILAS,BIG LAKE,2963800,1999,31352,1999-04-20,1999-04-20,4480,0.11,3464,5.81,16000,0.24,3523,0.11,1347,0.5,NA
VILAS,BIG LAKE,2963800,2008,905367,2008-05-02,2008-05-05,10562,0.11,8254.6,13.7,NA,NA,9418,0.12,794,0.31,NA
VILAS,BIG MUSKELLUNGE LAKE,1835300,1996,31002,1996-05-16,1996-06-20,4631,0.06,4103,4.98,24972,0.19,4111,0.06,866,0.55,NA
VILAS,BIG MUSKELLUNGE LAKE,1835300,2005,85835,2005-04-18,2005-04-20,3265,0.08,2761.8,3.51,NA,NA,3193,0.08,29,0.36,NA
VILAS,BIG PORTAGE LAKE,1629500,2006,95506,2006-04-20,2006-04-25,3186,0.07,2765.8,4.99,NA,NA,2271,0.06,1309,0.41,NA
VILAS,BIG SAINT GERMAIN LAKE,1591100,1998,73288,1998-03-01,1998-05-15,4167,0.12,1017.8,2.57,NA,NA,3463,0.08,460,0.63,NA
VILAS,BIG SAINT GERMAIN LAKE,1591100,2006,95537,2006-04-20,2006-04-22,8203,0.17,5433.5,5.07,NA,NA,5740,0.06,1816,0.51,NA
VILAS,BIG SAINT GERMAIN LAKE,1591100,2011,181172733,2011-04-28,2011-05-03,4843,0.17,3253.3,2.99,NA,NA,3240,0.18,1271,0.29,NA
VILAS,BIG SAND LAKE,1602600,2012,296893692,2012-03-25,2012-04-06,953,0.13,715,0.67,NA,NA,390,0.14,471,0.15,NA
VILAS,BIRCH LAKE,2311100,1997,31009,1997-05-04,1997-05-04,478,0.3,199,0.91,10997,0.43,222,0.34,103,0.38,NA
VILAS,BLACK OAK LAKE,1630100,1999,31010,1999-04-25,1999-04-25,1965,0.1,1592,3.36,1727,0.35,811,0.09,1498,0.23,NA
VILAS,BLACK OAK LAKE,1630100,2008,905370,2008-05-05,2008-05-08,890,0.08,749.2,1.52,NA,NA,420,0.07,653,0.31,NA
VILAS,BLACK OAK LAKE,1630100,2011,181172734,2011-05-03,2011-05-06,507,0.12,389.7,0.87,NA,NA,326,0.14,195,0.24,NA
VILAS,BOULDER LAKE,2338300,1995,31195,1995-04-27,1995-06-06,2282,0.06,2012.1,4.35,50744,0.33,1902,0.06,657,0.47,NA
VILAS,BOULDER LAKE,2338300,1999,31196,1999-04-19,1999-04-19,2796,0.09,2288,5.33,12338,0.3,2033,0.07,1698,0.47,NA
VILAS,BOULDER LAKE,2338300,2006,95527,2006-04-19,2006-04-21,2255,0.07,1951.2,4.3,NA,NA,1910,0.07,518,0.41,NA
VILAS,CATFISH LAKE,1603700,2000,31200,2000-04-05,2000-04-05,3600,0.11,2860,3.56,13117,0.16,2862,0.1,490,0.33,NA
VILAS,CATFISH LAKE,1603700,2013,403234461,2013-05-09,2013-05-14,5082,0.2,3106,5.2,NA,NA,4642,0.21,420,0.45,NA
VILAS,CLEAR LAKE,2329000,1999,31207,1999-04-14,1999-04-17,1616,0.08,1373,2.91,9798,0.52,1206,0.07,358,0.28,NA
VILAS,CLEAR LAKE,2329000,2004,82339,2004-04-20,2004-05-13,1576,0.09,1291,2.8,2474,0.2,1227,0.1,407,0.29,NA
VILAS,CRAB LAKE,2953500,2000,31056,2000-04-12,2000-05-01,2599,0.1,2090,2.74,5531,0.21,2185,0.1,412,0.37,DIVIDED BY AREA FOR POPEST DATABASE
VILAS,CRAB LAKE,2953500,2002,73096,2002-04-30,2002-05-20,2602,0.15,1825,2.74,9208,0.56,1759,0.13,559,0.32,NA
VILAS,DEAD PIKE LAKE,2316600,2005,85792,2005-04-16,2005-04-20,374,0.1,302,1.3,NA,NA,297,0.1,99,0.36,NA
VILAS,DEAD PIKE LAKE,2316600,2015,515079648,2015-04-17,2015-04-23,166,0.15,118,0.56,NA,NA,50,0,58,0.12,NA
VILAS,DUCK LAKE,1599900,2013,403234463,2013-05-07,2013-05-12,209,0.48,12,1.97,NA,NA,66,0.41,30,0,NA
VILAS,EAGLE LAKE,1600200,2000,31218,2000-04-12,2000-05-01,2855,0.11,2269,4.99,4465,0.16,2573,0.11,259,0.38,NA
VILAS,EAGLE LAKE,1600200,2013,403234464,2013-05-08,2013-05-12,2118,0.11,1644,3.68,NA,NA,1966,0.12,124,0.46,NA
VILAS,ERICKSON LAKE,983600,2009,23439602,2009-04-21,2009-04-29,265,0.09,218.6,2.5,NA,NA,164,0.1,102,0.16,NA
VILAS,ESCANABA LAKE,2339900,1995,73007,1995-04-23,1995-04-27,1179,0.13,866.3,4.02,NA,NA,758,0.18,366,0.2,NA
VILAS,ESCANABA LAKE,2339900,1996,73014,1996-05-16,1996-05-17,1002,0.15,696,3.41,NA,NA,789,0.18,124,0.21,NA
VILAS,ESCANABA LAKE,2339900,1997,73020,1997-04-29,1997-05-03,2864,0.1,2292,9.77,NA,NA,2306,0.07,419,0.41,NA
VILAS,ESCANABA LAKE,2339900,1998,73034,1998-04-10,1998-05-14,2493,7.7,2115,8.5,8765,0.19,2089,7.7,431,33.1,NA
VILAS,ESCANABA LAKE,2339900,1999,73051,1999-04-15,1999-05-15,1455,0.06,1256,4.96,NA,NA,935,0.06,632,0.2,NA
VILAS,ESCANABA LAKE,2339900,2000,73063,2000-04-03,2000-04-17,1518,0.12,1147,5.18,NA,NA,1026,0.1,348,0.34,NA
VILAS,ESCANABA LAKE,2339900,2001,73073,2001-04-24,2001-04-27,1804,0.08,1488.4,6.15,NA,NA,1061,0.08,616,0.19,NA
VILAS,ESCANABA LAKE,2339900,2002,73097,2002-04-21,2002-04-30,1088,0.08,909,3.71,NA,NA,618,0.08,365,0.17,NA
VILAS,ESCANABA LAKE,2339900,2003,73122,2003-04-23,2003-04-29,847,0.14,611.1,2.89,NA,NA,518,0.2,271,0.22,NA
VILAS,ESCANABA LAKE,2339900,2004,82348,2004-04-21,2004-04-27,835,0.2,509,2.9,NA,0,452,0.16,343,0.4,NA
VILAS,ESCANABA LAKE,2339900,2005,85793,2005-04-14,2005-04-19,1756,0.11,1390,6,NA,NA,1162,0.11,621,0.26,NA
VILAS,ESCANABA LAKE,2339900,2006,95507,2006-04-16,2006-04-21,2191,0.11,1732.9,7.48,NA,NA,1140,0.09,962,0.21,NA
VILAS,ESCANABA LAKE,2339900,2007,96800,2007-04-17,2007-04-23,3244,0.17,2189.5,11.07,NA,NA,1557,0.23,836,0.21,NA
VILAS,ESCANABA LAKE,2339900,2008,905371,2008-05-01,2008-05-04,2335,0.16,1613.5,7.97,NA,NA,937,0.14,557,0.27,NA
VILAS,ESCANABA LAKE,2339900,2009,23439603,2009-04-22,2009-04-27,2313,0.09,1925.4,7.89,NA,NA,1238,0.09,799,0.17,NA
VILAS,ESCANABA LAKE,2339900,2010,79142007,2010-04-02,2010-04-07,2581,0.1,2063,8.81,NA,NA,1553,0.09,1055,0.28,NA
VILAS,ESCANABA LAKE,2339900,2011,181172735,2011-04-27,2011-04-30,3767,0.19,2352.6,12.86,NA,NA,1681,0.21,962,0.28,NA
VILAS,ESCANABA LAKE,2339900,2012,296893693,2012-03-24,2012-04-02,1742,0.1,1414,5.94,NA,NA,1158,0.09,429,0.25,NA
VILAS,ESCANABA LAKE,2339900,2013,403234470,2013-05-09,2013-05-12,2359,0.14,1732,8.05,NA,NA,1225,0.16,887,0.26,NA
VILAS,ESCANABA LAKE,2339900,2014,504052976,2014-05-09,2014-05-13,2903,0.16,1999,9.91,NA,NA,966,0.14,2386,0.35,NA
VILAS,ESCANABA LAKE,2339900,2015,515079661,2015-04-15,2015-04-21,2968,0.12,2277,10.13,NA,NA,1186,0.15,1173,0.17,NA
VILAS,FISHTRAP LAKE,2343200,2009,23439604,2009-04-26,2009-04-30,730,0.18,469.5,2.22,NA,NA,458,0.24,341,0.43,NA
VILAS,FOREST LAKE,2762200,2003,73369,2003-03-01,2003-05-15,1644,0.06,NA,3.53,NA,NA,NA,NA,NA,NA,NA
VILAS,FOREST LAKE,2762200,2006,95498,2006-04-18,2006-04-23,2486,0.09,2070.5,5.33,NA,NA,1651,0.06,896,0.3,NA
VILAS,FOUND LAKE,1593800,1998,31070,1998-04-12,1998-04-12,304,8.2,255,0.93,337,0.16,230,8.8,75,17.8,NA
VILAS,FOUND LAKE,1593800,2013,403234471,2013-05-10,2013-05-13,313,0.33,113,0.93,NA,NA,88,0.35,148,0.43,NA
VILAS,GUNLOCK LAKE,1539700,2002,73098,2002-04-21,2002-05-10,378,0.5,1,1.51,328,0.24,77,0,40,0.35,NA
VILAS,HARRIS LAKE,2958500,1997,31081,1997-05-03,1997-05-03,1913,0.13,1419,3.77,8014,0.34,979,0.13,794,0.25,NA
VILAS,HARRIS LAKE,2958500,2006,95530,2006-04-17,2006-04-19,1220,0.07,1043.6,2.41,NA,NA,1037,0.06,149,0.41,NA
VILAS,HIGH LAKE,2344000,2005,85836,2005-04-14,2005-04-16,1507,0.13,1120.6,2.05,NA,NA,1209,0.14,136,0.49,NA
VILAS,HIGH LAKE,2344000,2009,23439605,2009-04-26,2009-04-30,1148,0.2,708.5,1.56,NA,NA,632,0.11,592,0.39,NA
VILAS,HORSEHEAD LAKE,2953100,2000,31087,2000-04-07,2000-05-24,1280,0.09,1048,5.47,2949,0.19,908,0.09,284,0.28,NA
VILAS,IRVING LAKE,2340900,2001,31089,2001-04-24,2001-05-11,39,0.39,10,0.1,914,0.52,24,0.49,8,0,NA
VILAS,ISLAND LAKE,2334400,1999,31227,1999-04-22,1999-04-22,6683,0.07,5762,6.53,21907,0.17,5539,0.04,1557,0.35,NA
VILAS,ISLAND LAKE,2334400,2004,82345,2004-04-21,2004-05-13,3500,0.07,3012,3.4,8295,0.18,2133,0.05,1187,0.2,NA
VILAS,KENTUCK LAKE,716800,1995,73244,1995-03-01,1995-05-15,908,0.09,746,0.94,NA,NA,515,0.07,373,0.19,NA
VILAS,KENTUCK LAKE,716800,1996,73260,1996-03-01,1996-05-15,626,0.06,546.9,0.61,NA,NA,19,0,609,0.06,NA
VILAS,KENTUCK LAKE,716800,1997,73275,1997-03-01,1997-05-15,1009,0.39,229.2,1.05,NA,NA,7,0,999,0.39,NA
VILAS,KENTUCK LAKE,716800,1998,31091,1998-04-14,1998-04-14,731,21.7,420,0.76,335,0,8,25,724,21.8,NA
VILAS,KENTUCK LAKE,716800,1999,73303,1999-03-01,1999-05-15,1819,0.42,304,1.9,NA,NA,15,0.33,1731,0.42,NA
VILAS,KENTUCK LAKE,716800,2000,73322,2000-03-01,2000-05-15,574,0.43,86,0.59,NA,NA,51,0.14,682,0.54,NA
VILAS,KENTUCK LAKE,716800,2001,73342,2001-03-01,2001-05-15,5204,0.26,2500.1,5.43,NA,NA,4821,0.28,288,0.6,NA
VILAS,KENTUCK LAKE,716800,2002,73355,2002-03-01,2002-05-15,2538,0.06,NA,2.65,NA,NA,NA,NA,NA,NA,NA
VILAS,KENTUCK LAKE,716800,2003,73370,2003-03-01,2003-05-15,10474,0.05,NA,10.94,NA,NA,NA,NA,NA,NA,NA
VILAS,KENTUCK LAKE,716800,2004,82324,2004-04-23,2004-04-29,12899,0.04,11998,13.48,NA,NA,10836,0.04,6550,0.39,NA
VILAS,KENTUCK LAKE,716800,2005,85837,2005-04-16,2005-04-20,9549,0.04,8774.5,9.98,NA,NA,8112,0.03,14281,0.69,NA
VILAS,KENTUCK LAKE,716800,2006,95538,2006-04-17,2006-04-21,12489,0.04,11440.4,13.05,NA,NA,10667,0.04,2836,0.28,NA
VILAS,KENTUCK LAKE,716800,2007,96802,2007-04-20,2007-04-24,7520,0.05,6828.4,7.86,NA,NA,6721,0.05,1010,0.37,NA
VILAS,KENTUCK LAKE,716800,2015,515079650,2015-04-17,2015-04-20,2232,0.06,1990,9.34,NA,NA,1871,0.05,516,0.32,NA
VILAS,LAC VIEUX DESERT,1631900,1996,73261,1996-03-01,1996-05-15,8201,0.16,5533.1,1.9,NA,NA,4908,0.04,1093,0.42,NA
VILAS,LAC VIEUX DESERT,1631900,1997,73276,1997-03-01,1997-05-15,6233,0.07,5353.2,1.44,NA,NA,4770,0.07,2376,0.51,NA
VILAS,LAC VIEUX DESERT,1631900,2000,73323,2000-03-01,2000-05-15,11968,0.07,10209.7,2.78,NA,NA,10698,0.07,1839,0.49,NA
VILAS,LAC VIEUX DESERT,1631900,2006,95499,2006-04-18,2006-04-22,10505,0.05,9536.4,2.44,NA,NA,6962,0.04,4332,0.17,NA
VILAS,LAC VIEUX DESERT,1631900,2012,296893694,2012-03-26,2012-04-03,4962,0.08,4143,1.15,NA,NA,2690,0.05,4096,0.34,NA
VILAS,LAKE LAURA,995200,1995,31098,1995-04-27,1995-04-27,3530,0.08,2940.6,5.89,6681,0.28,3032,0.09,361,0.41,NA
VILAS,LAKE LAURA,995200,1998,31099,1998-04-15,1998-04-15,2422,11.9,1857,4.04,13113,0.45,2005,9.1,370,58.6,NA
VILAS,LAKE LAURA,995200,2005,85838,2005-04-15,2005-04-17,1321,0.11,1045.6,2.2,NA,NA,1134,0.09,171,0.52,NA
VILAS,LITTLE ARBOR VITAE LAKE,1545300,1996,31114,1996-05-14,1996-12-06,4028,0.05,3627,7.54,17296,0.12,3218,0.05,1126,0.32,NA
VILAS,LITTLE ARBOR VITAE LAKE,1545300,1999,73304,1999-03-01,1999-05-15,2738,0.04,2493,5.12,NA,NA,2304,0.04,788,0.43,NA
VILAS,LITTLE ARBOR VITAE LAKE,1545300,2007,96803,2007-04-17,2007-04-20,4360,0.13,3224.2,8.16,NA,NA,3498,0.14,714,0.33,NA
VILAS,LITTLE JOHN LAKE,2332300,1999,73305,1999-03-01,1999-05-15,1070,0.06,933,6.44,NA,NA,762,0.04,348,0.25,NA
VILAS,LITTLE JOHN LAKE,2332300,2007,96930,2007-04-13,2007-04-16,2382,0.06,2107.5,14.35,NA,NA,2121,0.06,628,0.61,NA
VILAS,LITTLE SAINT GERMAIN LAKE,1596300,1997,31252,1997-05-05,1997-05-05,2212,0.19,1391,2.26,5695,0.31,1261,0.17,759,0.46,NA
VILAS,LITTLE SAINT GERMAIN LAKE,1596300,2015,515079651,2015-04-15,2015-04-19,2586,0.3,1067,2.64,NA,NA,472,0.42,1307,0.31,NA
VILAS,LITTLE SPIDER LAKE,1540400,2002,73099,2002-04-22,2002-05-23,177,0.23,94,0.75,236,0.35,86,0.29,98,0.43,NA
VILAS,LONG LAKE,1602300,2001,31256,2001-04-27,2001-05-15,6650,0.24,3504,7.6,4037,0.24,1768,0.13,3936,0.32,NA
VILAS,LONG LAKE,1602300,2004,82333,2004-04-24,2004-04-26,2224,0.11,1748.4,2.55,NA,NA,1616,0.11,556,0.25,NA
VILAS,LONG LAKE,1602300,2012,296893695,2012-03-25,2012-04-15,6472,0.24,3424,7.42,NA,NA,940,0.18,5624,0.36,NA
VILAS,LOST CANOE LAKE,2339800,1995,73008,1995-04-22,1995-04-25,910,0.09,750.6,3.65,NA,NA,624,0.09,370,0.29,NA
VILAS,LOST CANOE LAKE,2339800,2005,85794,2005-04-15,2005-04-20,725,0.09,604,2.9,NA,NA,498,0.08,378,0.41,NA
VILAS,LOST LAKE,1593400,1998,31117,1998-04-14,1998-04-14,470,11.6,363,0.86,434,0.25,386,13.3,65,0,NA
VILAS,LOST LAKE,1593400,2011,181172736,2011-04-23,2011-04-29,497,0.18,322.3,0.91,NA,NA,301,0.16,97,0,NA
VILAS,LOWER BUCKATABON LAKE,1621000,2010,79142008,2010-04-03,2010-04-11,138,0.16,94,0.39,NA,NA,69,0.24,61,0,NA
VILAS,LOWER NINEMILE LAKE,1605200,1997,31267,1997-04-24,1997-04-24,158,0.21,94,0.24,868,0.31,122,0.24,33,0,NA
VILAS,LYNX LAKE,2954500,1998,31119,1998-04-18,1998-04-18,595,32.2,220,1.76,2979,0.39,360,25.9,112,34.9,NA
VILAS,MAMIE LAKE,2964100,1999,31350,1999-04-19,1999-04-19,1591,0.14,1133,3.97,6534,0.29,1143,0.14,446,0.4,NA
VILAS,MAMIE LAKE,2964100,2008,905372,2008-05-03,2008-05-05,4439,0.1,3563.4,11.1,NA,NA,3394,0.1,2760,0.64,NA
VILAS,MANITOWISH LAKE,2329400,1999,73053,1999-04-20,1999-05-11,1524,0.19,976,2.03,4660,0.25,1102,0.23,294,0.34,"2329400 = WBIC FOR MANITOWISH LAKE, 2334300 = WBIC FOR LITTLE STAR LAKE"
VILAS,MANITOWISH LAKE,2329400,1999,73052,1999-04-15,1999-05-11,15295,0.05,13694,3.82,67624,0.1,11693,0.03,4876,0.22,"TOTAL PE, 2329400 = WBIC FOR MANITOWISH LAKE"
VILAS,MANITOWISH LAKE,2329400,2004,82341,2004-04-21,2004-05-13,712,0.13,525,0.9,2118,0.17,497,0.16,217,0.3,WALLEYE POPULATION ESTIMATE IS FOR MANITOWISH AND LITTLE STAR LAKES COMBINED.
VILAS,NORTH TURTLE LAKE,2310400,2010,79142009,2010-04-01,2010-04-10,2970,0.16,2059,8.05,NA,NA,2752,0.17,201,0.21,NA
VILAS,OTTER LAKE,1600100,2000,73064,2000-04-04,2000-05-01,891,0.42,166,2.73,2344,0.27,808,0.43,27,0.35,"1600100 = WBIC FOR OTTER LAKE, 1599900 = WBIC FOR DUCK LAKE, 1600000 = WBIC FOR LYNX LAKE"
VILAS,OTTER LAKE,1600100,2013,403234465,2013-05-07,2013-05-12,0,0,0,4.23,NA,NA,0,0,0,0,NA
VILAS,OXBOW LAKE,2954800,2008,905373,2008-04-30,2008-05-02,2238,0.12,1702.7,4.38,NA,NA,1948,0.13,235,0.36,NA
VILAS,PALMER LAKE,2962900,2009,23439606,2009-04-25,2009-04-30,509,0.19,317.6,0.8,NA,NA,145,0.2,442,0.33,NA
VILAS,PAPOOSE LAKE,2328700,1997,31130,1997-05-04,1997-05-04,819,0.08,692,1.91,4437,0.22,541,0.08,328,0.22,NA
VILAS,PAPOOSE LAKE,2328700,2004,82338,2004-04-25,2004-06-09,1187,0.1,954,2.8,2276,0.14,901,0.07,175,0.37,NA
VILAS,PAPOOSE LAKE,2328700,2012,296893696,2012-03-25,2012-04-09,1031,0.06,912,2.41,NA,NA,903,0.06,163,0.38,NA
VILAS,PICKEREL LAKE,1619700,2014,504052978,2014-05-09,2014-05-13,216,0.2,133,0.74,NA,NA,97,0.07,143,0.35,NA
VILAS,PIONEER LAKE,1623400,2003,73123,2003-04-26,2003-05-14,390,0.14,282.1,0.91,335.66,0.14,324,0.13,38,0,NA
VILAS,PLUM LAKE,1592400,1995,31293,1995-04-25,1995-05-31,3964,0.08,3347.7,3.83,4221,0.09,2960,0.05,896,0.32,NA
VILAS,PLUM LAKE,1592400,2000,73324,2000-03-01,2000-05-15,3884,0.06,3412.4,3.75,NA,NA,3535,0.06,349,0.35,NA
VILAS,PLUM LAKE,1592400,2003,73124,2003-04-26,2003-05-15,5674,0.08,4721.3,5.49,9388.14,0.17,3781,0.07,2527,0.35,NA
VILAS,PLUM LAKE,1592400,2006,95508,2006-04-17,2006-04-23,4490,0.1,3579.1,4.35,NA,NA,3108,0.11,1436,0.28,NA
VILAS,PLUM LAKE,1592400,2009,23439607,2009-04-24,2009-04-29,4964,0.07,4327.9,4.81,NA,NA,3976,0.07,1490,0.29,NA
VILAS,PLUM LAKE,1592400,2012,296893697,2012-03-27,2012-04-14,3176,0.07,2730,3.07,NA,NA,2340,0.07,962,0.24,NA
VILAS,PLUM LAKE,1592400,2015,515079647,2015-04-17,2015-04-22,2899,0.08,2449,2.81,NA,NA,1877,0.08,1336,0.26,NA
VILAS,PRESQUE ISLE LAKE,2956500,1998,73290,1998-03-01,1998-05-15,2403,0.05,245.5,1.52,NA,NA,1938,0.04,706,0.38,NA
VILAS,PRESQUE ISLE LAKE,2956500,2012,296893698,2012-03-26,2012-04-17,2075,0.07,1794,1.32,NA,NA,1348,0.06,696,0.2,NA
VILAS,RAZORBACK LAKE,1013800,1999,73054,1999-04-15,1999-05-13,2369,0.04,2172,6.54,8087,0.38,2184,0.04,329,0.4,NA
VILAS,RAZORBACK LAKE,1013800,2007,96931,2007-04-14,2007-04-16,2671,0.07,2291,7.38,NA,NA,2578,0.07,70,0.36,NA
VILAS,RAZORBACK LAKE,1013800,2014,504052977,2014-05-09,2014-05-11,3082,0.09,2528,8.51,NA,NA,2896,0.09,169,0.6,NA
VILAS,REST LAKE,2327500,1999,31299,1999-04-18,1999-04-18,1867,0.1,1494,3.07,6593,0.19,1552,0.11,316,0.54,NA
VILAS,REST LAKE,2327500,2004,82337,2004-04-20,2004-05-13,1994,0.14,1432,3.3,5749,0.21,1350,0.07,933,0.41,NA
VILAS,SCATTERING RICE LAKE,1600300,2000,31316,2000-04-13,2000-05-01,18,0.38,5,0.06,310,0.42,5,0,14,0.36,NA
VILAS,SCATTERING RICE LAKE,1600300,2013,403234466,2013-05-08,2013-05-12,214,0.42,39,0.81,NA,NA,31,0,98,0.53,NA
VILAS,SNIPE LAKE,1018500,1995,31148,1995-04-21,1995-04-21,389,0.18,249.5,1.62,440,0.19,182,0.17,256,0.39,NA
VILAS,SNIPE LAKE,1018500,2000,31149,2000-04-04,2000-05-02,1141,0.23,631,4.77,4672,0.19,1089,0.24,41,0,NA
VILAS,SNIPE LAKE,1018500,2003,73125,2003-04-20,2003-05-12,1348,0.09,1084.7,5.63,3489.25,0.1,896,0.09,659,0.34,NA
VILAS,SNIPE LAKE,1018500,2006,95500,2006-04-14,2006-04-18,1226,0.13,903.4,5.13,NA,NA,830,0.14,301,0.27,NA
VILAS,SNIPE LAKE,1018500,2009,23439608,2009-04-19,2009-04-23,626,0.13,468.7,2.62,NA,NA,467,0.15,141,0.28,NA
VILAS,SNIPE LAKE,1018500,2012,296893699,2012-03-22,2012-03-30,997,0.18,648,4.17,NA,NA,586,0.12,111,0.44,NA
VILAS,SNIPE LAKE,1018500,2015,515079649,2015-04-14,2015-04-17,2073,0.09,1716,2.16,NA,NA,34,0,2026,0.09,NA
VILAS,SOUTH TURTLE LAKE,2310200,2010,79142010,2010-04-01,2010-04-10,1345,0.14,980,2.96,NA,NA,1031,0.15,261,0.31,NA
VILAS,SPARKLING LAKE,1881900,1996,31150,1996-05-13,1996-05-13,399,0.13,295,2.59,573,0.43,29,0.09,421,0.16,NA
VILAS,SPARKLING LAKE,1881900,2006,95480,2006-04-15,2006-04-20,664,0.11,523.7,4.31,NA,NA,232,0.09,403,0.21,NA
VILAS,SPARKLING LAKE,1881900,2012,296893700,2012-03-22,2012-04-13,285,0.22,161,1.85,NA,NA,8,0.13,267,0.23,NA
VILAS,SPIDER LAKE,2329300,1999,73055,1999-04-20,1999-05-10,713,0.18,476,1.73,5458,0.22,509,0.19,195,0.39,"2329300 = WBIC FOR SPIDER LAKE, 2328800 = WBIC FOR STONE LAKE"
VILAS,SPIDER LAKE,2329300,2004,85640,2004-04-20,2004-05-13,708,0.23,396,1.5,9872,0.41,426,0.33,174,0.33,"WALLEYE POPULATION ESTIMATE IS FOR SPIDER, STONE, AND FAWN LAKES COMBINED."
VILAS,STAR LAKE,1593100,1996,73264,1996-03-01,1996-05-15,4075,0.04,3709.7,3.37,NA,NA,3414,0.04,699,0.29,NA
VILAS,STAR LAKE,1593100,1997,31154,1997-05-05,1997-05-05,5474,0.08,4607,4.53,29438,0.33,4137,0.08,1769,0.34,NA
VILAS,STAR LAKE,1593100,2005,85795,2005-04-17,2005-04-25,4295,0.05,3841,3.6,NA,NA,3762,0.04,845,0.42,NA
VILAS,STORMY LAKE,1020300,2003,73127,2003-04-29,2003-06-02,10,0,10,0.01,NA,NA,7,0,6,0,NA
VILAS,TENDERFOOT LAKE,2962400,1995,73247,1995-03-01,1995-05-15,2719,0.06,2370,6.22,NA,NA,2226,0.05,508,0.48,NA
VILAS,TENDERFOOT LAKE,2962400,2007,96934,2007-04-18,2007-04-21,3385,0.05,3075.3,7.75,NA,NA,2685,0.04,722,0.23,NA
VILAS,TENDERFOOT LAKE,2962400,2009,23439609,2009-04-25,2009-04-30,3528,0.16,2446.2,8.07,NA,NA,2890,0.18,852,0.5,NA
VILAS,TROUT LAKE,2331600,1997,73279,1997-03-01,1997-05-15,8156,0.07,6995.1,2.13,NA,NA,6281,0.07,1835,0.51,NA
VILAS,TROUT LAKE,2331600,2000,73327,2000-03-01,2000-05-15,8994,0.07,7603.9,2.35,NA,NA,6601,0.05,2598,0.3,NA
VILAS,TROUT LAKE,2331600,2001,31160,2001-05-22,2001-05-22,7785,0.07,6796,2,61560,0.51,5352,0.05,4651,0.3,NA
VILAS,TROUT LAKE,2331600,2003,73372,2003-03-01,2003-05-15,7392,0.08,NA,1.94,NA,NA,NA,NA,NA,NA,NA
VILAS,TROUT LAKE,2331600,2004,82344,2004-04-25,2004-06-17,6520,0.12,5008,1.7,31429,0.33,3131,0.09,4750,0.31,NA
VILAS,TROUT LAKE,2331600,2007,96943,2007-04-25,2007-05-03,11905,0.14,8681.7,3.12,NA,NA,5012,0.1,10935,0.31,NA
VILAS,TROUT LAKE,2331600,2010,79142011,2010-04-06,2010-04-22,5759,0.1,4590,1.51,NA,NA,3769,0.11,2170,0.29,NA
VILAS,TROUT LAKE,2331600,2013,403234460,2013-05-16,2013-05-20,10016,0.12,7640,2.63,NA,NA,4691,0.1,11576,0.6,NA
VILAS,TWIN LAKES,1623800,1996,73015,1996-05-18,1996-06-03,14121,0.23,7586,4.11,29575,0.3,9448,0.24,1972,0.44,NA
VILAS,TWIN LAKES,1623800,1998,73289,1998-03-01,1998-05-15,5007,0.11,1112.3,1.45,NA,NA,3959,0.12,295,0.2,NA
VILAS,TWIN LAKES,1623800,2002,73358,2002-03-01,2002-05-15,5827,0.05,NA,1.69,NA,NA,NA,NA,NA,NA,NA
VILAS,TWIN LAKES,1623800,2007,96831,2007-04-24,2007-04-29,10430,0.06,9219.4,3.04,NA,NA,8745,0.06,3070,0.42,THIS PE IS FOR THE TWIN LAKE CHAIN WHICH INCLUDES NORTH TWIN (1623800; 2788 ACRES) AND SOUTH TWIN (1623700; 642 ACRES).
VILAS,UPPER BUCKATABON LAKE,1621800,2010,79142012,2010-04-03,2010-04-11,230,0.11,181,0.46,NA,NA,122,0.14,107,0.21,NA
VILAS,UPPER GRESHAM LAKE,2330800,2002,73100,2002-04-22,2002-05-16,504,0.06,442,1.37,1066,0.22,383,0.05,86,0.21,NA
VILAS,WHITE BIRCH LAKE,2340500,2001,31173,2001-04-24,2001-05-11,1189,0.08,999,10.6,2941,0.24,1058,0.09,229,0.46,NA
VILAS,WHITE BIRCH LAKE,2340500,2011,181172737,2011-04-24,2011-04-28,165,0.12,124.6,1.41,NA,NA,122,0.15,40,0,NA
VILAS,WHITE SAND LAKE,2339100,2005,85796,2005-04-16,2005-06-08,1030,0.12,788,1.4,2997,0.27,857,0.13,108,0.31,NA
VILAS,WILD RICE LAKE,2329800,1999,31343,1999-04-21,1999-04-21,250,0.41,88,0.65,2235,0.33,112,0.27,37,0.28,NA
VILAS,WILD RICE LAKE,2329800,2004,82343,2004-04-20,2004-05-13,264,0.29,115,0.7,2002,0.39,143,0.16,40,0.06,NA
VILAS,WOLF LAKE,2336100,1995,73009,1995-04-26,1995-04-28,1893,0.1,1695,4.81,NA,NA,1593,0.11,209,0.34,NA
VILAS,WOLF LAKE,2336100,1996,73016,1996-05-16,1996-05-19,1382,0.1,1109,3.51,NA,NA,1081,0.09,140,0.49,NA
VILAS,WOLF LAKE,2336100,1997,73021,1997-05-02,1997-05-06,1971,0.15,1386,5.01,NA,NA,1258,0.14,190,0.23,NA
VILAS,WOLF LAKE,2336100,1998,73035,1998-04-12,1998-04-17,2602,13.5,1915,6.62,NA,NA,2195,15.2,232,29.6,NA
VILAS,WOLF LAKE,2336100,1999,73056,1999-04-21,1999-04-26,2245,0.12,1682,5.71,NA,NA,1731,0.12,405,0.35,NA
VILAS,WOLF LAKE,2336100,2000,73065,2000-04-09,2000-04-24,1773,0.06,1559,4.51,NA,NA,1387,0.06,518,0.3,NA
VILAS,WOLF LAKE,2336100,2001,73074,2001-04-25,2001-04-28,2115,0.1,1656.8,5.38,NA,NA,1283,0.1,550,0.23,NA
VILAS,WOLF LAKE,2336100,2002,73101,2002-04-23,2002-04-29,2907,0.08,2412,7.39,NA,NA,2144,0.04,1084,0.37,NA
VILAS,WOLF LAKE,2336100,2003,73128,2003-04-26,2003-04-30,2236,0.09,1801.3,5.68,NA,NA,1556,0.09,589,0.29,NA
VILAS,WOLF LAKE,2336100,2004,82346,2004-04-22,2004-04-27,1697,0.11,1331,4.3,NA,0,798,0.12,762,0.18,NA
VILAS,WOLF LAKE,2336100,2005,85797,2005-04-16,2005-04-19,1531,0.1,1218,3.9,NA,NA,710,0.11,907,0.21,NA
VILAS,WOLF LAKE,2336100,2006,95501,2006-04-18,2006-04-22,1320,0.13,973.9,3.36,NA,NA,579,0.16,627,0.21,NA
VILAS,WOLF LAKE,2336100,2007,96944,2007-04-21,2007-04-25,1633,0.16,1116.6,4.16,NA,NA,963,0.16,595,0.39,NA
VILAS,WOLF LAKE,2336100,2008,905374,2008-05-02,2008-05-09,2492,0.14,1803.5,6.34,NA,NA,1688,0.14,263,0.41,NA
VILAS,WOLF LAKE,2336100,2010,79142013,2010-04-03,2010-04-09,1613,0.07,1393,4.1,NA,NA,1016,0.08,728,0.21,NA
VILAS,YELLOW BIRCH LAKE,1599600,2000,31347,2000-04-12,2000-04-12,1918,0.16,1319,9.49,7639,0.58,1758,0.17,106,0.3,NA
VILAS,YELLOW BIRCH LAKE,1599600,2013,403234467,2013-05-07,2013-05-12,1337,0.18,858,6.96,NA,NA,941,0.41,206,0.46,NA
UNK MI CO,PLUM LAKE,2963200,2013,403234468,2013-05-13,2013-05-16,888,0.2,534,3.95,NA,NA,686,0.24,56,0.28,NA
TAYLOR,KATHRYN LAKE,2166100,2000,31090,2000-04-30,2000-04-30,110,0.19,68,1.77,118,0.2,45,0.17,53,0.22,NA
TAYLOR,KATHRYN LAKE,2166100,2012,296893679,2012-03-20,2012-03-24,62,0.26,30,1,NA,NA,44,0.32,13,0,NA
TAYLOR,NORTH SPIRIT LAKE,1515200,2004,82326,2004-04-25,2004-04-29,528,0.23,285,2.5,NA,NA,285,0.16,381,0.67,NA
TAYLOR,RIB LAKE,1469100,1998,73032,1998-04-08,1998-04-10,2127,0.09,1736,6.64,NA,NA,1797,0.1,124,0.5,NA
TAYLOR,RIB LAKE,1469100,2003,73119,2003-04-17,2003-05-13,628,0.06,550,1.96,2795,0.32,435,0.06,263,0.4,NA
TAYLOR,RIB LAKE,1469100,2015,515079676,2015-04-04,2015-04-14,219,0.18,144,0.68,NA,NA,93,0.12,106,0.29,NA
SAWYER,BARBER LAKE,2382300,2010,79142016,2010-04-01,2010-04-05,126,0.14,91,0.53,NA,NA,56,0.13,47,0.13,NA
SAWYER,BLACK LAKE,2401300,2004,82315,2004-04-18,2004-05-18,40,0,40,0.3,94,0.47,17,0,27,0,NA
SAWYER,CONNORS LAKE,2275100,1995,31054,1995-04-27,1995-04-27,2523,0.14,1865.7,5.88,17234,0.37,2065,0.15,407,0.39,NA
SAWYER,CONNORS LAKE,2275100,2013,403234448,2013-05-10,2013-05-11,1084,0.24,572,2.53,NA,NA,756,0.29,258,0.42,NA
SAWYER,DURPHEE LAKE,2396800,2000,73317,2000-03-01,2000-05-15,794,0.09,644.4,4.11,NA,NA,682,0.09,83,0.6,NA
SAWYER,GHOST LAKE,2423000,2005,85773,2005-04-12,2005-05-12,451,0.13,338,1.2,719,0.2,118,0.29,258,0.12,NA
SAWYER,GHOST LAKE,2423000,2015,515079672,2015-04-07,2015-04-10,790,0.19,496,2.12,NA,NA,49,0.21,690,0.24,NA
SAWYER,GRINDSTONE LAKE,2391200,2000,31079,2000-04-30,2000-04-30,3682,0.09,3065,1.18,35781,0.48,3294,0.08,196,0.37,NA
SAWYER,GRINDSTONE LAKE,2391200,2003,73118,2003-04-25,2003-05-15,6658,0.08,5612,2.14,17771,0.2,6209,0.08,753,0.42,NA
SAWYER,GRINDSTONE LAKE,2391200,2006,95515,2006-04-15,2006-04-21,3500,0.09,2852.3,1.13,NA,NA,2284,0.09,1646,0.37,NA
SAWYER,GRINDSTONE LAKE,2391200,2009,23439582,2009-04-18,2009-04-24,5891,0.07,5135,1.89,NA,NA,5367,0.07,1155,0.49,NA
SAWYER,GRINDSTONE LAKE,2391200,2012,296893678,2012-04-06,2012-04-12,4439,0.08,3768,1.43,NA,NA,3205,0.07,2191,0.39,NA
SAWYER,GRINDSTONE LAKE,2391200,2015,515079673,2015-04-16,2015-04-23,7383,0.05,6662,2.37,NA,NA,5865,0.05,2234,0.23,NA
SAWYER,HAYWARD LAKE,2725500,2005,85772,2005-04-07,2005-05-17,93,0.49,3,0.4,1959,0.62,38,0.41,23,0.41,NA
SAWYER,HAYWARD LAKE,2725500,2014,504052995,2014-04-23,2014-04-28,9,0,9,0.04,NA,NA,4,0,8,0,PE REJECTED FOR TREATY USE BY TWG
SAWYER,LAC COURTE OREILLES,2390800,1996,73256,1996-03-01,1996-05-15,10026,0.05,8942.3,1.98,NA,NA,8169,0.05,1573,0.28,NA
SAWYER,LAC COURTE OREILLES,2390800,1998,73286,1998-03-01,1998-05-15,8547,0.18,3133.2,1.69,NA,NA,6466,0.18,1233,0.56,NA
SAWYER,LAC COURTE OREILLES,2390800,2000,73318,2000-03-01,2000-05-15,5182,0.08,4348.4,1.02,NA,NA,3449,0.07,1342,0.54,NA
SAWYER,LAC COURTE OREILLES,2390800,2001,31096,2001-04-30,2001-04-30,7526,0.13,5585,1.49,33409,0.53,2931,0.14,4314,0.26,NA
SAWYER,LAKE CHETAC,2113300,1997,31234,1997-04-25,1997-04-25,3336,0.09,2750,1.74,15890,0.36,2476,0.1,969,0.29,NA
SAWYER,LAKE CHETAC,2113300,2005,85833,2005-04-11,2005-04-13,8654,0.05,7856,4.51,NA,NA,8090,0.05,597,0.57,NA
SAWYER,LAKE CHIPPEWA,2399700,1997,73272,1997-03-01,1997-05-15,340,0.11,265.8,0.89,NA,NA,250,0.05,87,0.39,NA
SAWYER,LAKE CHIPPEWA,2399700,1999,73130,1999-03-01,1999-05-15,82070,0.02,78278,5.36,332014,0.12,69134,0.02,23359,0.24,NA
SAWYER,LAKE CHIPPEWA,2399700,2011,181172746,2011-04-21,2011-04-29,46982,0.07,40475,3.07,NA,NA,23577,0.05,27997,0.16,NA
SAWYER,LAKE OF THE PINES,2275300,2013,403234449,2013-05-09,2013-05-12,69,0.44,10,0.25,NA,NA,21,0.42,15,0.28,REJECTED BY TWG
SAWYER,LITTLE ROUND LAKE,2395500,2003,73366,2003-03-01,2003-05-15,51,0.12,NA,0.22,NA,NA,NA,NA,NA,NA,NA
SAWYER,LITTLE ROUND LAKE,2395500,2010,79142021,2010-04-04,2010-04-07,73,0.23,39,0.32,NA,NA,41,0.21,24,0.3,NA
SAWYER,LOST LAND LAKE,2418600,2000,73319,2000-03-01,2000-05-15,563,0.07,483.6,0.43,NA,NA,412,0.06,207,0.39,NA
SAWYER,LOST LAND LAKE,2418600,2004,82350,2004-04-20,2004-05-11,698,0.31,278,0.5,5772,0.46,220,0.15,622,0.46,NA
SAWYER,LOWER CLAM LAKE,2429300,2001,31265,2001-04-30,2001-04-30,177,0.31,68,0.87,1555,0.18,54,0.2,136,0.44,NA
SAWYER,LOWER CLAM LAKE,2429300,2013,403234450,2013-05-10,2013-05-15,136,0.31,52,0.67,NA,NA,25,0.26,63,0.38,NA
SAWYER,MOOSE LAKE,2420600,1995,31278,1995-05-04,1995-05-04,4674,0.07,3978,2.79,30172,0.12,3977,0.08,631,0.31,NA
SAWYER,NELSON LAKE,2704200,1995,73242,1995-03-01,1995-05-15,5150,0.06,4463,2.05,NA,NA,3277,0.05,2156,0.22,NA
SAWYER,NELSON LAKE,2704200,1996,73257,1996-03-01,1996-05-15,9138,0.08,7641.4,3.65,NA,NA,6555,0.09,1232,0.17,NA
SAWYER,NELSON LAKE,2704200,1998,73287,1998-03-01,1998-05-15,11925,0.19,4485.9,4.76,NA,NA,9262,0.2,468,0.39,NA
SAWYER,NELSON LAKE,2704200,2002,73353,2002-03-01,2002-05-15,4803,0.12,NA,1.91,NA,NA,NA,NA,NA,NA,NA
SAWYER,NELSON LAKE,2704200,2008,905390,2008-04-29,2008-05-04,1411,0.13,1065,0.56,NA,NA,560,0.1,1439,0.34,NA
SAWYER,NELSON LAKE,2704200,2014,504052996,2014-05-07,2014-05-10,3390,0.28,1511,1.35,NA,NA,992,0.27,1880,0.49,NA
SAWYER,ROUND LAKE,2395600,1998,31308,1998-04-30,1998-04-30,6399,0.05,5690,2.09,49972,0.46,5856,0.05,1629,0.62,NA
SAWYER,ROUND LAKE,2395600,2003,73367,2003-03-01,2003-05-15,4039,0.07,NA,1.32,NA,NA,NA,NA,NA,NA,NA
SAWYER,ROUND LAKE,2395600,2010,79142014,2010-04-04,2010-04-14,2541,0.13,1889,0.83,NA,NA,1704,0.08,719,0.4,NA
SAWYER,SAND LAKE,2393200,2000,73320,2000-03-01,2000-05-15,1391,0.29,581.7,1.49,NA,NA,838,0.23,301,0.47,NA
SAWYER,SAND LAKE,2393200,2007,96775,2007-04-11,2007-04-17,2639,0.11,2066.3,2.84,NA,NA,2292,0.12,362,0.28,NA
SAWYER,SISSABAGAMA LAKE,2393500,1997,31147,1997-04-27,1997-04-27,4617,0.13,3396,6.42,21108,0.32,3470,0.16,1109,0.35,NA
SAWYER,SISSABAGAMA LAKE,2393500,2006,95535,2006-04-12,2006-04-14,2651,0.39,645.9,3.69,NA,NA,715,0.1,744,0.53,PE REJECTED AT AUGUST 2006 TWG
SAWYER,SISSABAGAMA LAKE,2393500,2010,79142028,2010-04-01,2010-04-04,1752,0.11,1383,2.44,NA,NA,1109,0.06,730,0.3,NA
SAWYER,SISSABAGAMA LAKE,2393500,2015,515079675,2015-04-02,2015-04-05,1162,0.14,847,1.62,NA,NA,794,0.13,353,0.39,NA
SAWYER,SMITH LAKE,2726100,2002,73092,2002-04-18,2002-05-21,145,0.18,91,0.44,125,0.18,49,0.17,98,0.31,NA
SAWYER,SPIDER LAKE,2435700,2002,73093,2002-04-19,2002-04-24,2971,0.06,2583,2.04,NA,NA,1520,0.07,1682,0.2,NA
SAWYER,SPIDER LAKE,2435700,2008,905391,2008-05-03,2008-05-08,2123,0.18,1373,1.46,NA,NA,596,0.24,1797,0.32,NA
SAWYER,TEAL LAKE,2417000,2000,73321,2000-03-01,2000-05-15,7622,0.03,7067.9,7.26,NA,NA,7288,0.03,398,0.41,NA
SAWYER,TEAL LAKE,2417000,2004,82349,2004-04-19,2004-05-12,5521,0.06,4897,5.3,41601,0.21,4480,0.06,1279,0.25,NA
SAWYER,TIGER CAT FLOWAGE,2435000,2004,85649,2004-04-17,2004-05-10,1145,0.12,885,1.1,1357,0.17,304,0.13,1186,0.25,"WALLEYE POPULATION ESTIMATE IS FOR TIGER CAT FLOWAGE, BURNS, AND PLACID LAKES COMBINED."
SAWYER,WHITEFISH LAKE,2392000,2002,73094,2002-04-19,2002-05-28,1244,0.12,933,1.58,3493,0.17,592,0.13,605,0.19,NA
SAWYER,WINDFALL LAKE,2046500,2006,95536,2006-04-11,2006-04-12,762,0.1,615,7.47,NA,NA,641,0.09,142,0.43,NA
SAWYER,WINDFALL LAKE,2046500,2011,181172747,2011-04-18,2011-04-20,1402,0.05,1274,13.75,NA,NA,1233,0.05,158,0.22,NA
SAWYER,WINTER LAKE (PRICE FLOWAGE),2381100,2005,85774,2005-04-12,2005-04-21,727,0.22,409,1.1,NA,NA,68,0.3,478,0.26,NA
RUSK,AMACOY LAKE,2359700,2003,73117,2003-04-16,2003-05-27,413,0.07,349,1.48,361,0.06,182,0.06,308,0.22,NA
RUSK,CHAIN LAKE,2350500,1995,73238,1995-03-01,1995-05-15,1771,0.08,1478,3.78,NA,NA,1640,0.08,48,0.42,NA
RUSK,CHAIN LAKE,2350500,2012,296893674,2012-03-22,2012-04-01,342,0.27,161,0.73,NA,NA,122,0.4,210,0.45,NA
RUSK,CLEAR LAKE,2350600,1995,73239,1995-03-01,1995-05-15,46,0.27,21,0.48,NA,NA,23,0.34,7,0,NA
RUSK,CLEAR LAKE,2350600,2012,296893675,2012-03-31,2012-04-01,4,0,4,0.04,NA,NA,4,0,4,0,REJECTED BY TWG
RUSK,ISLAND LAKE,2350200,1995,73240,1995-03-01,1995-05-15,948,0.1,744,1.8,1707,0.09,752,0.09,255,0.52,NA
RUSK,ISLAND LAKE,2350200,2012,296893676,2012-03-22,2012-04-01,326,0.62,NA68,0.62,NA,NA,22,0.35,270,0.65,REJECTED BY TWG
RUSK,MCCANN LAKE,2350400,1995,73241,1995-03-01,1995-05-15,70,0.41,13,0.52,NA,NA,65,0.44,9,0.33,NA
RUSK,MCCANN LAKE,2350400,2012,296893677,2012-03-30,2012-04-01,5,0,5,0.04,NA,NA,4,0,5,0,REJECTED BY TWG
RUSK,POTATO LAKE,2355300,2000,73316,2000-03-01,2000-05-15,1329,0.09,1091,2.48,NA,NA,812,0.06,745,0.3,NA
RUSK,PULASKI LAKE,1875900,2013,403234447,2013-05-05,2013-05-07,386,0.19,244,3.06,NA,NA,334,0.21,55,0.39,NA
RUSK,SAND LAKE,2353600,2002,73091,2002-04-19,2002-05-20,249,0.17,163,0.95,151,0.05,127,0.22,107,0.36,NA
PRICE,BUTTERNUT LAKE,2283300,1996,31046,1996-05-09,1996-05-09,4165,0.08,3515,4.14,29397,0.12,2919,0.07,2690,0.45,NA
PRICE,BUTTERNUT LAKE,2283300,1998,31047,1998-04-30,1998-04-30,3577,0.07,3079,3.56,32581,0.08,2860,0.08,693,0.29,NA
PRICE,BUTTERNUT LAKE,2283300,2003,73115,2003-04-24,2003-05-14,4075,0.08,3436,4.05,31129,0.18,2586,0.07,2188,0.34,NA
PRICE,LAC SAULT DORE,2236800,2002,73089,2002-04-18,2002-05-22,3980,0.35,1229,7.09,7644,0.25,2467,0.66,1178,0.32,NA
PRICE,PIKE LAKE,2268300,1998,73029,1998-04-11,1998-04-29,1839,0.09,1507,2.28,18393,0.13,1530,0.09,364,0.37,NA
PRICE,PIKE LAKE,2268300,2005,85768,2005-04-13,2005-05-10,2321,0.11,1836,2.9,11458,0.18,1777,0.11,994,0.58,NA
PRICE,ROUND LAKE,2267800,1998,73030,1998-04-10,1998-04-29,3658,0.06,3212,5.03,20302,0.13,2516,0.06,146,0.3,NA
PRICE,ROUND LAKE,2267800,2005,85770,2005-04-13,2005-05-10,3522,0.05,3171,4.9,12969,0.15,3090,0.05,462,0.24,SPEARING CORRECTIONS MADE.
PRICE,SOLBERG LAKE,2242500,2000,31320,2000-04-30,2000-04-30,5197,0.04,4766,6.05,20084,0.26,4868,0.04,1299,0.61,NA
PRICE,SOLBERG LAKE,2242500,2003,73116,2003-04-18,2003-05-12,3363,0.04,3099,3.91,14166,0.21,2906,0.04,894,0.26,NA
PRICE,TURNER LAKE,2268500,1998,73031,1998-04-10,1998-04-29,374,0.18,239,2.51,2649,0.18,198,0.22,149,0.26,NA
PRICE,TURNER LAKE,2268500,2005,85771,2005-04-13,2005-05-10,254,0.17,169,1.7,1158,0.2,115,0.26,84,0.21,NA
PRICE,WHITCOMB LAKE,2266100,2002,73090,2002-04-19,2002-05-20,57,0.05,51,1.29,57,0,36,0,21,0,NA
POLK,BALSAM LAKE,2620600,1998,31182,1998-04-30,1998-05-01,3081,0.04,2827,1.5,6320,0.19,2614,0.04,658,0.24,NA
POLK,BALSAM LAKE,2620600,2002,73088,2002-04-19,2002-05-23,3000,0.05,2675,1.46,9470,0.4,2241,0.06,1804,0.36,NA
POLK,BALSAM LAKE,2620600,2005,85766,2005-04-12,2005-05-25,1738,0.08,1456,0.8,1823,0.13,967,0.06,1558,0.39,NA
POLK,BALSAM LAKE,2620600,2008,905389,2008-04-26,2008-05-01,1956,0.07,1698,0.95,NA,NA,1514,0.06,1283,0.44,NA
POLK,BALSAM LAKE,2620600,2011,181172745,2011-04-18,2011-04-23,1528,0.11,1210,0.74,NA,NA,417,0.1,1484,0.21,NA
POLK,BALSAM LAKE,2620600,2014,504052994,2014-04-30,2014-05-05,713,0.11,556,0.35,NA,NA,65,0.33,631,0.12,NA
POLK,BEAR TRAP LAKE,2618100,2007,96764,2007-04-01,2007-04-12,71,0.46,7.1,0.29,NA,NA,20,0.17,21,0.34,PE REJECTED AT AUGUST 2007 TWG
POLK,BIG BUTTERNUT LAKE,2641000,2003,73114,2003-04-15,2003-05-13,388,0.1,308,1.02,419,0.37,169,0.07,276,0.27,NA
POLK,BIG ROUND LAKE,2627400,1997,31006,1997-04-24,1997-04-24,3796,0.09,3096,3.74,5138,0.23,3129,0.09,1090,0.51,NA
POLK,BIG ROUND LAKE,2627400,2007,96928,2007-04-09,2007-04-17,1417,0.14,1036.4,1.4,NA,NA,1122,0.13,255,0.52,NA
POLK,BIG ROUND LAKE,2627400,2012,296893672,2012-03-26,2012-04-04,1090,0.13,807,1.07,NA,NA,900,0.1,103,0.49,NA
POLK,CEDAR LAKE,2615100,2004,82354,2004-04-12,2004-05-06,2261,0.06,2013,2.1,9151,0.13,1934,0.04,730,0.56,NA
POLK,CEDAR LAKE,2615100,2009,23439577,2009-04-09,2009-04-15,5838,0.08,4985,5.31,NA,NA,5160,0.08,334,0.42,NA
POLK,CEDAR LAKE,2615100,2013,403234451,2013-05-04,2013-05-09,3768,0.13,2841,3.43,NA,NA,2875,0.13,780,0.58,NA
POLK,HALF MOON LAKE,2621100,1997,73273,1997-03-01,1997-05-15,609,0.05,544.8,1.05,NA,NA,531,0.05,35,0,NA
POLK,HALF MOON LAKE,2621100,2001,31224,2001-04-30,2001-04-30,717,0.11,570,1.24,686,0.1,384,0.07,344,0.24,NA
POLK,HALF MOON LAKE,2621100,2006,95513,2006-04-12,2006-04-19,318,0.11,251.1,0.55,NA,NA,201,0.09,90,0.28,NA
POLK,HALF MOON LAKE,2621100,2012,296893673,2012-03-24,2012-03-31,270,0.11,210,0.47,NA,NA,194,0.11,65,0.27,NA
POLK,MAGNOR LAKE,2624600,2007,96772,2007-03-30,2007-04-13,169,0.19,106.9,0.73,NA,NA,104,0.26,75,0.36,NA
POLK,NORTH PIPE LAKE,2485700,2015,515079669,2015-04-04,2015-04-10,82,0.17,54,1.41,NA,NA,39,0.14,60,0.43,NA
POLK,PIPE LAKE,2490500,1995,31133,1995-04-25,1995-04-25,633,0.16,441,2.34,823,0.26,438,0.15,271,0.57,*MINNESUING AND PIPE LAKES VALUES CHANGED 1/2000 TO REFLECT HANDLING MORTALITY
POLK,PIPE LAKE,2490500,2004,85647,2004-04-17,2004-05-27,421,0.15,301,1.2,319,0.19,271,0.17,85,0.22,WALLEYE POPULATION ESTIMATE IS FOR PIPE AND NORTH PIPE LAKES COMBINED.
POLK,PIPE LAKE,2490500,2015,515079671,2015-04-04,2015-04-10,197,0.2,120,0.69,NA,NA,35,0.14,65,0,NA
POLK,WAPOGASSET LAKE,2618000,2007,96778,2007-04-09,2007-04-15,1575,0.08,1330.5,1.33,NA,NA,1332,0.09,344,0.33,NA
ONEIDA,BEAR LAKE,1527800,1999,31014,1999-04-11,1999-04-11,182,0.19,114,0.58,256,0.34,78,0.13,119,0.39,NA
ONEIDA,BEARSKIN LAKE,1523600,1996,73012,1996-05-08,1996-05-23,3172,0.03,2939,7.93,17326,0.13,2784,0.03,396,0.17,NA
ONEIDA,BEARSKIN LAKE,1523600,1998,73283,1998-03-01,1998-05-15,3582,0.06,422.5,8.95,NA,NA,3551,0.06,19,0.16,NA
ONEIDA,BEARSKIN LAKE,1523600,2000,73061,2000-03-30,2000-06-07,3076,0.17,2036,7.69,4734,0.21,2044,0.18,1735,0.68,NA
ONEIDA,BEARSKIN LAKE,1523600,2002,73350,2002-03-01,2002-05-15,2984,0.06,NA,7.46,NA,NA,NA,NA,NA,NA,NA
ONEIDA,BEARSKIN LAKE,1523600,2003,73112,2003-04-22,2003-05-12,2658,0.04,2422.9,6.64,12449.11,0.27,2043,0.03,852,0.23,NA
ONEIDA,BEARSKIN LAKE,1523600,2004,82327,2004-04-19,2004-04-23,7467,0.1,6009.1,18.67,NA,NA,7077,0.1,407,0.46,NA
ONEIDA,BEARSKIN LAKE,1523600,2006,95525,2006-04-15,2006-04-17,3787,0.06,3310.7,9.47,NA,NA,3266,0.05,663,0.47,NA
ONEIDA,BEARSKIN LAKE,1523600,2015,515079653,2015-04-13,2015-04-16,3571,0.07,3076,8.93,NA,NA,2988,0.07,778,0.33,NA
ONEIDA,BIG CARR LAKE,971600,1999,73047,1999-04-15,1999-06-07,498,0.16,340,2.33,700,0.43,330,0.16,381,0.64,NA
ONEIDA,BIG FORK LAKE,1610700,2007,96787,2007-04-18,2007-04-23,4040,0.08,3379.2,5.85,NA,NA,3393,0.09,794,0.36,NA
ONEIDA,BIG FORK LAKE,1610700,2014,504052970,2014-05-08,2014-05-15,3999,0.16,2783,4.6,NA,NA,3127,0.08,446,0.54,NA
ONEIDA,BIG LAKE,1613000,2014,504052966,2014-05-06,2014-05-09,2213,0.1,1788,2.62,NA,NA,1828,0.11,353,0.28,NA
ONEIDA,BIG STONE LAKE,1612200,2007,96788,2007-04-02,2007-04-24,1400,0.16,952.6,2.56,NA,NA,1164,0.19,222,0.32,NA
ONEIDA,BIG STONE LAKE,1612200,2014,504052968,2014-05-08,2014-05-14,1084,0.2,665,1.79,NA,NA,906,0.21,109,0.33,NA
ONEIDA,BOLGER LAKE,973000,2003,73113,2003-04-22,2003-05-12,418,0.07,358.1,3.5,395.91,0.05,365,0.06,44,0.26,NA
ONEIDA,BOLGER LAKE,973000,2015,515079652,2015-04-12,2015-04-14,547,0.31,214,4.6,NA,NA,509,0.33,29,0,NA
ONEIDA,BOOTH LAKE,1537800,1998,31193,1998-04-12,1998-04-12,222,15.1,158,1.07,583,0.22,104,16.7,84,33,NA
ONEIDA,BOOTH LAKE,1537800,2004,82329,2004-04-20,2004-06-08,193,0.09,158,0.9,981,0.4,90,0.11,86,0.17,NA
ONEIDA,BUCKSKIN LAKE,2272600,1995,73234,1995-03-01,1995-05-15,5948,0.04,5431,9.38,24823,0.11,5708,0.04,171,0.34,NA
ONEIDA,BUCKSKIN LAKE,2272600,1996,31037,1996-09-05,1996-09-05,7683,0.06,6636,12.12,13956,0.16,5300,0.06,4642,0.37,NA
ONEIDA,BUCKSKIN LAKE,2272600,1999,73300,1999-03-01,1999-05-15,4248,0.1,3409,6.7,NA,NA,3769,0.1,546,0.51,NA
ONEIDA,BUCKSKIN LAKE,2272600,2006,95504,2006-04-13,2006-04-17,3964,0.04,3621.2,6.25,NA,NA,3237,0.04,1050,0.27,NA
ONEIDA,BURROWS LAKE,975000,2000,31039,2000-04-02,2000-05-30,37,0,37,0.24,44,0.09,22,0,19,0,NA
ONEIDA,CARROL LAKE,1544800,2000,31198,2000-04-02,2000-05-01,892,0.19,562,2.66,2852,0.45,739,0.21,165,0.49,NA
ONEIDA,CARROL LAKE,1544800,2005,85784,2005-04-14,2005-04-18,282,0.17,187,0.8,NA,NA,118,0.26,126,0.18,NA
ONEIDA,CHAIN LAKE,1598000,1997,31203,1997-04-28,1997-04-28,309,0.14,223,1.41,1730,0.51,257,0.17,58,0.27,NA
ONEIDA,CLEAR LAKE,977500,1996,31052,1996-05-18,1996-06-27,3093,0.07,2682,3.66,11709,0.18,2281,0.07,878,0.28,NA
ONEIDA,CLEAR LAKE,977500,2000,31053,2000-04-20,2000-05-04,3241,0.09,2671,3.83,7160,0.28,2292,0.09,805,0.32,NA
ONEIDA,CLEAR LAKE,977500,2005,85785,2005-04-18,2005-04-26,2096,0.07,1794,2.5,NA,NA,1763,0.07,506,0.53,SPEARING CORRECTIONS MADE.
ONEIDA,CRANBERRY LAKE,1603800,2000,31209,2000-04-08,2000-04-08,7524,0.12,5699,7.87,10828,0.13,6165,0.12,739,0.34,NA
ONEIDA,CRANBERRY LAKE,1603800,2013,403234462,2013-05-09,2013-05-15,5869,0.18,3814,6.35,NA,NA,5394,0.19,343,0.43,NA
ONEIDA,CRESCENT LAKE,1564200,2000,73311,2000-03-01,2000-05-15,2598,0.03,2399.3,4.24,NA,NA,2500,0.03,92,0.28,NA
ONEIDA,CRESCENT LAKE,1564200,2006,95529,2006-04-16,2006-04-19,2242,0.06,1985.2,3.66,NA,NA,2144,0.06,91,0.44,NA
ONEIDA,CRESCENT LAKE,1564200,2010,79142001,2010-04-01,2010-04-08,3526,0.06,3145,5.63,NA,NA,3423,0.06,136,0.41,NA
ONEIDA,DAM LAKE,1596900,1997,31211,1997-04-30,1997-04-30,2556,0.06,2264,3.44,11999,0.23,2271,0.06,262,0.26,NA
ONEIDA,DAM LAKE,1596900,2005,85830,2005-04-16,2005-04-19,2127,0.07,1845.2,2.86,NA,NA,1899,0.07,461,0.58,NA
ONEIDA,DOG LAKE,1612900,2014,504053000,2014-05-06,2014-05-09,520,0.57,NA63,1.33,NA,NA,52,0.31,126,0.45,PE REJECTED FOR TREATY USE BY TWG
ONEIDA,EAST HORSEHEAD LAKE,1523000,2001,31065,2001-04-22,2001-05-24,506,0.11,401,2.7,681,0.27,299,0.1,227,0.25,NA
ONEIDA,EMMA LAKE,983500,2012,296893689,2012-03-22,2012-03-26,81,0.15,57,0.37,NA,NA,41,0.16,44,0.24,NA
ONEIDA,FIFTH LAKE,1571100,2007,96791,2007-04-15,2007-04-17,3153,0.21,1870.4,13.14,NA,NA,2455,0.24,543,0.45,NA
ONEIDA,FOURMILE LAKE,1610800,2007,96792,2007-04-18,2007-04-23,276,0.17,185.5,1.27,NA,NA,147,0.17,136,0.35,NA
ONEIDA,FOURTH LAKE,1572000,2007,96793,2007-04-15,2007-04-17,1160,0.15,820.8,4.49,NA,NA,793,0.15,414,0.45,NA
ONEIDA,GEORGE LAKE,1569600,1995,31073,1995-04-21,1995-06-09,1144,0.05,1028,2.63,10638,0.4,1087,0.05,54,0.04,NA
ONEIDA,GEORGE LAKE,1569600,1999,31074,1999-04-28,1999-04-28,1981,0.07,1740,4.55,3527,0.16,1828,0.07,316,0.47,NA
ONEIDA,GEORGE LAKE,1569600,2007,96926,2007-04-12,2007-04-15,2120,0.05,1921.6,4.87,NA,NA,1948,0.05,192,0.27,NA
ONEIDA,GEORGE LAKE,1569600,2010,79142003,2010-04-01,2010-04-07,2127,0.23,1165,4.89,NA,NA,1624,0.2,360,0.51,NA
ONEIDA,GILMORE LAKE,1589300,2009,23439595,2009-04-20,2009-04-27,500,0.33,173.2,1.56,NA,NA,30,0.46,216,0.24,NA
ONEIDA,HANCOCK LAKE,1517900,2002,73084,2002-04-19,2002-05-16,297,0.2,176,1.14,593,0.34,226,0.26,70,0.15,NA
ONEIDA,HASBROOK LAKE,1589100,2001,31085,2001-04-28,2001-04-28,1152,0.1,930,3.8,2114,0.26,837,0.09,381,0.42,NA
ONEIDA,INDIAN LAKE,1598900,2004,82332,2004-04-21,2004-06-09,566,0.16,391,1.4,646,0.24,301,0.11,254,0.32,NA
ONEIDA,ISLAND LAKE,1610500,2014,504052972,2014-05-08,2014-05-16,67,0,67,0.22,NA,NA,55,0,15,0,PE REJECTED FOR TREATY USE BY TWG
ONEIDA,KATHERINE LAKE,1543300,2001,31230,2001-04-23,2001-05-08,3766,0.07,3261,6.4,13660,0.21,3386,0.07,372,0.37,NA
ONEIDA,KAWAGUESAGA LAKE,1542300,1998,31232,1998-04-14,1998-04-14,3495,9.6,2863,5.22,7026,0.51,2477,11,924,18.4,NA
ONEIDA,KAWAGUESAGA LAKE,1542300,2009,23439596,2009-04-22,2009-04-27,2274,0.08,1912.9,3.39,NA,NA,1362,0.08,1044,0.22,NA
ONEIDA,KAWAGUESAGA LAKE,1542300,2015,515079657,2015-04-15,2015-04-18,866,0.1,689,1.29,NA,NA,351,0.13,496,0.15,NA
ONEIDA,LAKE JULIA,995000,2012,296893690,2012-03-22,2012-03-27,433,0.09,359,1.82,NA,NA,336,0.1,98,0.18,NA
ONEIDA,LAKE THOMPSON,1569900,1995,31109,1995-04-20,1995-06-22,452,0.07,388.9,1.18,468,0.07,268,0.06,187,0.16,NA
ONEIDA,LAKE THOMPSON,1569900,1999,31110,1999-04-13,1999-04-13,517,0.18,336,1.35,891,0.25,70,0.25,638,0.48,NA
ONEIDA,LAKE THOMPSON,1569900,2005,85788,2005-04-13,2005-04-16,435,0.19,276,1.1,NA,NA,160,0.32,232,0.23,NA
ONEIDA,LITTLE FORK LAKE,1610600,2007,96794,2007-04-19,2007-04-24,895,0.26,436,2.53,NA,NA,658,0.27,110,0.28,NA
ONEIDA,LITTLE FORK LAKE,1610600,2014,504052971,2014-05-08,2014-05-13,2574,0.14,1862,7.66,NA,NA,2274,0.14,203,0.42,NA
ONEIDA,LITTLE TOMAHAWK LAKE,1543900,2000,73312,2000-03-01,2000-05-15,229,8.4,229,1.43,NA,NA,NA,NA,NA,NA,NA
ONEIDA,LONE STONE LAKE,1605600,1995,73235,1995-03-01,1995-05-15,35,0.14,25,0.2,NA,NA,27,0.14,11,0,NA
ONEIDA,LONG LAKE,1001300,1999,73048,1999-04-13,1999-05-26,206,0.24,107,1.82,263,0.35,98,0.23,105,0.56,NA
ONEIDA,LONG LAKE,1609000,2014,504052975,2014-05-08,2014-05-10,2071,0.07,1800,3.43,NA,NA,1757,0.07,963,0.54,NA
ONEIDA,MADELINE LAKE,1544700,2000,31271,2000-04-03,2000-05-01,43,0.26,21,0.27,115,0.31,23,0,23,0.44,NA
ONEIDA,MADELINE LAKE,1544700,2005,85786,2005-04-14,2005-04-18,44,0.45,5,0.3,NA,NA,4,0,16,0.43,NA
ONEIDA,MANSON LAKE,1517200,2000,31120,2000-04-01,2000-05-02,823,0.13,618,3.49,2199,0.37,624,0.11,148,0.4,NA
ONEIDA,MANSON LAKE,1517200,2006,95495,2006-04-13,2006-04-16,305,0.14,223.6,1.29,NA,NA,254,0.15,39,0.32,NA
ONEIDA,MEDICINE LAKE,1611700,2007,96796,2007-04-19,2007-04-24,1293,0.1,1050.6,3.48,NA,NA,1114,0.1,162,0.29,NA
ONEIDA,MEDICINE LAKE,1611700,2014,504052969,2014-05-07,2014-05-12,1822,0.12,1401,2.8,NA,NA,1474,0.1,373,0.49,NA
ONEIDA,MILDRED LAKE,1004600,2005,85787,2005-04-13,2005-04-18,154,0.14,112,0.8,NA,NA,101,0.16,52,0.22,NA
ONEIDA,MINOCQUA LAKE,1542400,1998,31276,1998-04-14,1998-04-14,6276,19.2,4020,4.61,33767,0.41,3826,9.6,2194,48.8,NA
ONEIDA,MINOCQUA LAKE,1542400,2009,23439597,2009-04-22,2009-04-28,2764,0.17,1857.5,2.03,NA,NA,892,0.14,1890,0.26,NA
ONEIDA,MINOCQUA LAKE,1542400,2015,515079656,2015-04-15,2015-04-19,1305,0.21,762,0.96,NA,NA,337,0.32,909,0.27,NA
ONEIDA,MOEN LAKE,1573800,2007,96797,2007-04-13,2007-04-17,822,0.33,293.3,1.79,NA,NA,429,0.32,357,0.56,NA
ONEIDA,MUSKELLUNGE LAKE,1595600,2011,181172728,2011-04-22,2011-04-27,421,0.15,296.7,1.48,NA,NA,258,0.12,159,0.34,NA
ONEIDA,NORTH NOKOMIS LAKE,1595800,1998,31126,1998-04-14,1998-04-14,1254,16.8,840,2.63,3140,0.26,827,11.9,370,41.7,NA
ONEIDA,NORTH NOKOMIS LAKE,1595800,2006,95496,2006-04-15,2006-04-20,1411,0.11,1114.7,2.96,NA,NA,929,0.1,413,0.29,NA
ONEIDA,PELICAN LAKE,1579900,1995,73236,1995-03-01,1995-05-15,4429,0.07,3812,1.23,NA,NA,3680,0.06,898,0.49,NA
ONEIDA,PELICAN LAKE,1579900,1996,73254,1996-03-01,1996-05-15,7472,0.15,5266.3,2.08,NA,NA,4503,0.13,476,0.57,NA
ONEIDA,PELICAN LAKE,1579900,1998,73284,1998-03-01,1998-05-15,10229,0.1,2088.8,2.85,NA,NA,8993,0.09,805,0.46,NA
ONEIDA,PELICAN LAKE,1579900,2001,73338,2001-03-01,2001-05-15,10112,0.17,6597.6,2.82,NA,NA,7708,0.16,394,0.42,NA
ONEIDA,PELICAN LAKE,1579900,2007,96937,2007-04-17,2007-04-20,10094,0.06,8872.8,2.82,NA,NA,8164,0.06,2447,0.37,NA
ONEIDA,PELICAN LAKE,1579900,2011,181172729,2011-04-28,2011-05-04,8632,0.2,5217,2.41,NA,NA,3910,0.17,4923,0.39,NA
ONEIDA,PICKEREL LAKE,1590400,2008,905375,2008-04-28,2008-05-07,305,0.3,126.8,0.41,NA,NA,66,0.21,175,0.35,NA
ONEIDA,PLANTING GROUND LAKE,1609100,2014,504052974,2014-05-08,2014-05-16,2553,0.12,1977,2.53,NA,NA,2083,0.12,406,0.28,NA
ONEIDA,RAINBOW FLOWAGE,1595300,1998,31297,1998-04-12,1998-04-12,8114,9,6724,3.98,78943,0.25,6454,8.6,2499,51.5,NA
ONEIDA,RAINBOW FLOWAGE,1595300,2012,296893691,2012-03-27,2012-04-09,6768,0.07,5846,3.33,NA,NA,4491,0.07,4475,0.33,NA
ONEIDA,ROUND LAKE,1610400,2014,504052973,2014-05-08,2014-05-16,44,0,44,0.29,NA,NA,28,0,17,0,PE REJECTED FOR TREATY USE BY TWG
ONEIDA,SAND LAKE,1597000,1997,31310,1997-04-30,1997-04-30,1166,0.05,1045,2.15,9343,0.35,887,0.04,196,0,NA
ONEIDA,SAND LAKE,1597000,2005,85831,2005-04-16,2005-04-18,2038,0.14,1466.2,3.77,NA,NA,1808,0.12,117,0.57,NA
ONEIDA,SEVENMILE LAKE,1605800,1997,31318,1997-05-14,1997-05-14,1342,0.07,1171,2.66,3619,0.18,1054,0.06,440,0.47,NA
ONEIDA,SEVENMILE LAKE,1605800,2008,905364,2008-04-30,2008-05-03,647,0.23,350.6,1.29,NA,NA,171,0.26,460,0.3,NA
ONEIDA,SHISHEBOGAMA LAKE,1539600,2002,73085,2002-04-21,2002-05-10,699,0.32,249,0.97,1793,0.36,410,0.38,105,0.38,NA
ONEIDA,SPIDER LAKE,1586600,2013,403234459,2013-05-07,2013-05-10,489,0.1,392,3.98,NA,NA,429,0.1,49,0.27,NA
ONEIDA,SPIDER LAKE,1586600,2015,515079655,2015-04-13,2015-04-15,348,0.16,240,2.83,NA,NA,262,0.16,83,0.44,NA
ONEIDA,SQUASH LAKE,1019500,2009,23439598,2009-04-17,2009-04-25,809,0.07,697.9,2.04,NA,NA,610,0.07,282,0.37,NA
ONEIDA,SQUAW LAKE,2271600,1995,73246,1995-03-01,1995-05-15,2975,0.06,2611,3.78,NA,NA,2582,0.06,360,0.41,NA
ONEIDA,SQUAW LAKE,2271600,1996,73263,1996-03-01,1996-05-15,3129,0.12,2372.8,3.98,NA,NA,2593,0.12,240,0.35,NA
ONEIDA,SQUAW LAKE,2271600,1997,73278,1997-03-01,1997-05-15,1159,0.14,833.3,1.47,NA,NA,907,0.15,170,0.31,NA
ONEIDA,SQUAW LAKE,2271600,1998,73292,1998-03-01,1998-05-15,3401,0.08,587,4.33,NA,NA,3068,0.09,354,0.38,NA
ONEIDA,SQUAW LAKE,2271600,1999,73307,1999-03-01,1999-05-15,3303,0.06,2893,4.2,NA,NA,2567,0.05,1529,0.46,NA
ONEIDA,SQUAW LAKE,2271600,2000,73326,2000-03-01,2000-05-15,3005,0.06,2641,3.82,NA,NA,2771,0.06,224,0.47,NA
ONEIDA,SQUAW LAKE,2271600,2001,73344,2001-03-01,2001-05-15,2751,0.06,2383.6,3.5,NA,NA,2311,0.05,337,0.29,NA
ONEIDA,SQUAW LAKE,2271600,2002,73357,2002-03-01,2002-05-15,2239,0.06,NA,2.85,NA,NA,NA,NA,NA,NA,NA
ONEIDA,SQUAW LAKE,2271600,2003,73126,2003-03-01,2003-05-15,2878,0.1,2276.4,3.66,13777.69,0.2,1877,0.1,1125,0.28,NA
ONEIDA,SQUAW LAKE,2271600,2004,82336,2004-04-19,2004-04-23,2401,0.07,2051,3.06,NA,NA,2084,0.08,243,0.25,NA
ONEIDA,SQUAW LAKE,2271600,2005,85842,2005-04-14,2005-04-16,2309,0.07,2004,2.94,NA,NA,2103,0.07,235,0.48,NA
ONEIDA,SQUAW LAKE,2271600,2006,95533,2006-04-13,2006-04-16,4256,0.1,3444.6,5.42,NA,NA,3816,0.1,510,0.42,NA
ONEIDA,SQUAW LAKE,2271600,2007,96933,2007-04-08,2007-04-16,3947,0.08,3313.8,5.03,NA,NA,3356,0.07,500,0.39,NA
ONEIDA,SQUIRREL LAKE,1536300,1995,73237,1995-03-01,1995-05-15,8356,0.06,7273,6.34,NA,NA,7446,0.06,261,0.35,NA
ONEIDA,SQUIRREL LAKE,1536300,1996,73255,1996-03-01,1996-05-15,8610,0.03,8087.7,6.53,NA,NA,8021,0.02,611,0.52,NA
ONEIDA,SQUIRREL LAKE,1536300,1997,73271,1997-03-01,1997-05-15,8482,0.04,7772.8,6.44,NA,NA,7423,0.03,1152,0.34,NA
ONEIDA,SQUIRREL LAKE,1536300,1998,73285,1998-03-01,1998-05-15,7164,0.04,686.9,5.43,NA,NA,6206,0.03,674,0.4,NA
ONEIDA,SQUIRREL LAKE,1536300,1999,73301,1999-03-01,1999-05-15,7079,0.06,6209,5.37,NA,NA,5920,0.04,1249,0.35,NA
ONEIDA,SQUIRREL LAKE,1536300,2000,73313,2000-03-01,2000-05-15,5485,0.05,4945.6,4.16,NA,NA,5287,0.04,151,0.56,NA
ONEIDA,SQUIRREL LAKE,1536300,2001,73339,2001-03-01,2001-05-15,7679,0.04,7071.5,5.83,NA,NA,6772,0.03,1939,0.64,NA
ONEIDA,SQUIRREL LAKE,1536300,2002,73351,2002-03-01,2002-05-15,7880,0.06,NA,5.98,NA,NA,NA,NA,NA,NA,NA
ONEIDA,SQUIRREL LAKE,1536300,2003,73365,2003-03-01,2003-05-15,5324,0.08,NA,4.04,NA,NA,NA,NA,NA,NA,NA
ONEIDA,SQUIRREL LAKE,1536300,2004,82328,2004-04-19,2004-04-24,4824,0.06,4295.4,3.66,NA,NA,4056,0.03,644,0.31,NA
ONEIDA,SQUIRREL LAKE,1536300,2005,85832,2005-04-14,2005-04-17,5249,0.05,4761.8,3.99,NA,NA,4345,0.04,1030,0.24,NA
ONEIDA,SQUIRREL LAKE,1536300,2006,95534,2006-04-13,2006-04-18,6957,0.06,6106.4,5.28,NA,NA,5927,0.04,1047,0.37,NA
ONEIDA,SQUIRREL LAKE,1536300,2007,96927,2007-04-15,2007-04-21,9244,0.07,7960,7.02,NA,NA,7749,0.04,1081,0.51,NA
ONEIDA,STELLA LAKE,1575700,2002,73086,2002-04-20,2002-04-29,118,0.18,75,0.29,98,0,64,0.15,44,0,NA
ONEIDA,STONE LAKE,1597600,1997,31326,1997-04-28,1997-04-28,50,0.13,37,0.26,242,0.42,28,0.14,22,0.16,NA
ONEIDA,SWAMSAUGER LAKE,1528700,2010,79142004,2010-03-31,2010-04-06,1076,0.13,794,7.63,NA,NA,771,0.13,359,0.4,NA
ONEIDA,SWEENY LAKE,1589600,1998,31157,1998-04-11,1998-04-11,750,16.3,510,4.01,1247,0.21,610,16.2,81,57.5,NA
ONEIDA,THUNDER LAKE,1618100,2006,95497,2006-04-15,2006-04-19,3274,0.22,1840,1.85,NA,NA,512,0.15,2833,0.3,NA
ONEIDA,THUNDER LAKE,1618100,2015,515079654,2015-04-14,2015-04-18,1167,0.35,364,0.66,NA,NA,431,0.38,342,0.41,NA
ONEIDA,TOMAHAWK LAKE,1542700,1998,31332,1998-04-16,1998-04-16,8508,13.1,6500,2.5,31571,0.35,4672,6.8,3774,31.1,NA
ONEIDA,TOMAHAWK LAKE,1542700,2000,73314,2000-03-01,2000-05-15,5086,8.4,5086,1.43,NA,NA,NA,NA,NA,NA,NA
ONEIDA,TOMAHAWK LAKE,1542700,2000,73315,2000-03-01,2000-05-15,5086,0.08,4248,1.43,NA,NA,3868,0.05,1699,0.38,NA
ONEIDA,TOMAHAWK LAKE,1542700,2002,73352,2002-03-01,2002-05-15,8672,0.09,NA,2.44,NA,NA,NA,NA,NA,NA,NA
ONEIDA,TOMAHAWK LAKE,1542700,2004,82330,2004-04-27,2004-04-30,7845,0.11,6163,2.21,NA,NA,5766,0.06,1479,0.38,WALLEYE POPULATION ESTIMATE IS FOR BIG TOMAHAWK AND LITTLE TOMAHAWK LAKES.
ONEIDA,TOMAHAWK LAKE,1542700,2009,23439599,2009-04-26,2009-05-03,4321,0.12,3296.9,1.27,NA,NA,1647,0.1,2607,0.22,NA
ONEIDA,TOMAHAWK LAKE,1542700,2015,515079659,2015-04-18,2015-04-25,2520,0.17,1684,0.74,NA,NA,1170,0.13,1308,0.34,NA
ONEIDA,TWO SISTERS LAKE,1588200,1998,31166,1998-04-17,1998-04-17,1367,18.5,872,1.9,3555,0.3,786,17.3,540,39.2,NA
ONEIDA,TWO SISTERS LAKE,1588200,2002,73087,2002-04-23,2002-05-14,2714,0.13,1974,3.77,3082,0.1,2047,0.12,670,0.5,NA
ONEIDA,TWO SISTERS LAKE,1588200,2005,85789,2005-04-18,2005-06-02,2004,0.13,1486,2.8,2662,0.17,1031,0.08,1133,0.34,NA
ONEIDA,TWO SISTERS LAKE,1588200,2008,905365,2008-05-05,2008-05-09,1976,0.21,1147.7,2.75,NA,NA,745,0.14,1202,0.37,NA
ONEIDA,TWO SISTERS LAKE,1588200,2011,181172730,2011-05-01,2011-05-06,995,0.2,595.5,1.38,NA,NA,460,0.17,586,0.44,NA
ONEIDA,TWO SISTERS LAKE,1588200,2014,504052964,2014-05-10,2014-05-17,1989,0.14,1450,2.77,NA,NA,1075,0.14,648,0.22,NA
ONEIDA,WILLOW FLOWAGE,1528300,2008,905366,2008-04-22,2008-05-03,26566,0.08,22447.1,4.21,NA,NA,18208,0.08,8663,0.26,NA
OCONTO,ARCHIBALD LAKE,417400,2007,96786,2007-04-10,2007-04-24,671,0.09,551.7,1.71,NA,NA,552,0.1,139,0.42,NA
OCONTO,ARCHIBALD LAKE,417400,2011,181172727,2011-04-28,2011-05-03,459,0.12,351.7,1.17,NA,NA,355,0.13,80,0.22,NA
OCONTO,BASS LAKE,417900,2002,73083,2002-04-19,2002-04-26,164,0.12,123,1.1,NA,NA,96,0.11,74,0.31,NA
OCONTO,BEAR LAKE,471200,2009,23439610,2009-04-15,2009-04-23,48,0.33,17,0.28,NA,NA,36,0.39,12,0,PE IS FOR BEAR AND MUNGER LAKES COMBINED; PE REJECTED BY TREATY TWG; AUG. 2009
OCONTO,BOOT LAKE,418700,1996,73011,1996-05-04,1996-05-08,547,0.11,428,2.32,NA,NA,375,0.1,37,0,NA
OCONTO,LAKE JOHN,470600,2009,23439593,2009-04-15,2009-04-22,49,0.1,40,0.47,NA,NA,35,0.14,18,0,NA
OCONTO,MAIDEN LAKE,487500,1999,73046,1999-04-14,1999-04-19,503,0.14,369,1.73,727,0.21,381,0.15,64,0.2,NA
OCONTO,MAIDEN LAKE,487500,2015,515079646,2015-04-16,2015-04-22,559,0.08,474,2.08,NA,NA,422,0.07,90,0.14,PE REJECTED FOR TREATY USE BY TWG
OCONTO,WHEELER LAKE,439800,1997,73270,1997-03-01,1997-05-15,1507,0.13,1114.5,5.14,NA,NA,1292,0.13,165,0.33,NA
OCONTO,WHEELER LAKE,439800,2008,905376,2008-04-28,2008-05-07,811,0.21,472.1,2.77,NA,NA,713,0.29,144,0.31,NA
OCONTO,WHEELER LAKE,439800,2014,504052984,2014-05-07,2014-05-14,187,0.38,49,0.64,NA,NA,94,0.32,58,0.38,PE REJECTED FOR TREATY USE BY TWG
MARINETTE,CALDRON FALLS RESERVOIR*,545400,2012,296893688,2012-03-28,2012-04-09,279,0.32,104,0.26,NA,NA,8,0,43,0,REJECTED BY TWG
MARINETTE,HIGH FALLS RESERVOIR,540600,2010,79142000,2010-04-02,2010-04-14,957,0.31,371,0.64,NA,NA,159,0.25,593,0.38,NA
MARATHON,BIG EAU PLEINE RESERVOIR,1427400,1999,73044,1999-04-06,1999-04-13,30594,0.07,26079,4.47,NA,NA,29244,0.07,2636,0.63,NA
MARATHON,BIG EAU PLEINE RESERVOIR,1427400,2003,73111,2003-04-13,2003-05-06,43695,0.04,40266.3,6.39,169674.72,0.18,40826,0.04,7585,0.42,NA
MARATHON,PIKE LAKE,1406300,2002,73082,2002-04-18,2002-05-28,296,0.45,31,1.44,242,0.17,25,0,247,0.48,NA
LINCOLN,ALEXANDER LAKE,1494600,2000,73059,2000-03-22,2000-04-17,764,0.43,123,1.12,6370,0.26,439,0.59,179,0.59,NA
LINCOLN,ALEXANDER LAKE,1494600,2011,181172725,2011-04-22,2011-05-05,923,0.25,461.9,1.36,NA,NA,569,0.29,88,0.05,NA
LINCOLN,CRYSTAL LAKE,979100,2004,82325,2004-04-17,2004-06-03,64,0,64,0.6,65,0,46,0,22,0,NA
LINCOLN,DEER LAKE,1519600,2012,296893685,2012-03-22,2012-03-27,63,0,63,0.4,NA,NA,29,0,38,0,PE REJECTED BY TWG
LINCOLN,GRANDFATHER FLOWAGE,1502400,2013,403234457,2013-04-29,2013-05-09,1659,0.23,929,7.44,NA,NA,1180,0.36,504,0.29,NA
LINCOLN,GRANDMOTHER FLOWAGE,1503000,2013,403234458,2013-05-02,2013-05-07,2041,0.16,1387,2.69,NA,NA,1716,0.27,502,0.18,NA
LINCOLN,JERSEY CITY FLOWAGE,1516000,2015,515079644,2015-04-15,2015-04-26,2115,0.11,1641,5.24,NA,NA,1098,0.14,950,0.17,NA
LINCOLN,LAKE ALICE,1555900,2003,73108,2003-03-01,2003-05-15,2902,0.23,1538.7,2.11,36547.66,0.46,739,0.26,1853,0.3,NA
LINCOLN,LAKE MOHAWKSIN,1515400,1995,31241,1995-04-22,1995-04-22,5147,0.11,3988.9,2.69,NA,NA,3842,0.13,847,0.26,NA
LINCOLN,LAKE MOHAWKSIN,1515400,2009,23439594,2009-04-15,2009-04-22,9063,0.09,7512.9,4.75,NA,NA,7243,0.13,2036,0.19,NA
LINCOLN,LAKE NOKOMIS,1516500,2001,73068,2001-04-23,2001-05-10,15928,0.05,14251,4.1,53077,0.18,10846,0.05,5801,0.22,"*INCLUDES ENTIRE NOKOMIS CHAINNALAKE NOKOMIS, DEER, BRIDGE, AND RICE RESERVOIR NA 1516500 = WBIC FOR LAKE NOKOMIS"
LINCOLN,LAKE PESOBIC,1481600,2003,73109,2003-03-01,2003-05-15,151,0.1,118.5,1.03,182,0.06,91,0.1,71,0.28,NA
LINCOLN,LONG LAKE,1001000,2000,73060,2000-03-28,2000-04-04,252,0.48,15,1.08,NA,NA,169,0.48,15,0.24,"1001000 = WBIC FOR LONG LAKE, 969600 = WBIC FOR BASS LAKE"
LINCOLN,LONG LAKE,1001000,2007,96784,2007-04-14,2007-04-20,146,0.07,124.8,0.63,NA,NA,92,0.06,48,0,PE IS FOR BASS (969600; 100 ACRES) AND LONG (1001000; 132 ACRES) COMBINED
LINCOLN,MUSKELLUNGE LAKE,1555500,2004,82331,2004-04-17,2004-06-03,92,0.08,78,0.6,83,0,66,0.07,26,0.07,NA
LINCOLN,PINE LAKE,1012100,2001,73069,2001-04-22,2001-06-13,318,0.05,287,2.4,1522,0.49,211,0.04,99,0.19,NA
LINCOLN,RICE RIVER FLOWAGE*(NOKOMIS),1516400,2012,296893686,2012-03-22,2012-04-06,11279,0.08,9578,3,NA,NA,8183,0.08,6161,0.37,NA
LINCOLN,SEVEN ISLAND LAKE,1490300,1996,31140,1996-08-05,1996-08-05,572,0.11,454,4.33,7105,0.18,445,0.06,44,0.24,NA
LINCOLN,SEVEN ISLAND LAKE,1490300,2001,73070,2001-04-23,2001-05-10,837,0.11,653,6.3,3631,0.34,552,0.1,378,0.41,NA
LINCOLN,SEVEN ISLAND LAKE,1490300,2006,95482,2006-04-14,2006-04-19,218,0.15,155.3,1.65,NA,NA,132,0.18,77,0.23,NA
LINCOLN,SOMO LAKE,1547700,1999,73042,1999-04-10,1999-05-18,454,0.11,349,0.96,2016,0.33,316,0.12,101,0.23,NA
LINCOLN,SOMO LAKE,1547700,2006,95494,2006-04-14,2006-04-21,829,0.22,478.7,1.76,NA,NA,514,0.26,217,0.28,NA
LINCOLN,SPIRIT RIVER FLOWAGE,1506800,1999,73043,1999-04-04,1999-04-15,1066,0.39,237,0.64,NA,NA,470,0.61,86,0.56,NA
LINCOLN,SPIRIT RIVER FLOWAGE,1506800,2005,85783,2005-04-09,2005-04-21,4751,0.15,3345,2.9,NA,NA,4185,0.23,1415,0.57,NA
LINCOLN,SQUAW LAKE,1564400,2003,73110,2003-04-22,2003-05-08,108,0.27,50.1,1.31,818.3,0.25,48,0.25,68,0.45,NA
LINCOLN,TUG LAKE,1482400,2007,96785,2007-04-14,2007-04-19,801,0.06,701.3,5.31,NA,NA,581,0.07,280,0.25,NA
LANGLADE,CRYSTAL LAKE,184200,2014,504052983,2014-05-07,2014-05-10,287,0.19,178,3.88,NA,NA,200,0.2,57,0,NA
LANGLADE,ENTERPRISE LAKE,1579700,2001,73337,2001-03-01,2001-05-15,2004,0.26,951.4,3.99,NA,NA,1140,0.13,364,0.6,NA
LANGLADE,ENTERPRISE LAKE,1579700,2005,85780,2005-04-13,2005-06-06,426,0.12,325,0.8,NA,NA,141,0.27,294,0.13,ENTERPRISE HAD THIRD AND FOURTH ELECTROFISHING RUNS BUT NO SECOND RUN FOR TOTAL WAE PE INFORMATION.
LANGLADE,GOTO LAKE,348700,2009,23439592,2009-04-23,2009-04-28,87,0.38,21.4,3.11,NA,NA,44,0.3,33,0.45,PE REJECTED BY TREATY TWG; AUG. 2009
LANGLADE,GREATER BASS LAKE,1445500,1999,73041,1999-04-13,1999-06-03,86,0.62,NA18,0.34,53,0.3,34,0.54,17,0.41,NA
LANGLADE,LOWER POST LAKE,397100,1998,31268,1998-04-15,1998-04-15,80,33.7,27,0.21,NA,NA,26,0,20,0,NA
LANGLADE,MOCCASIN LAKE,1005600,2005,85781,2005-04-13,2005-05-31,84,0.15,60,0.8,86,0.14,33,0.11,53,0.18,NA
LANGLADE,MUELLER LAKE,194000,2000,73057,2000-03-25,2000-05-30,124,0.19,87,1.4,NA,NA,78,0.26,48,0.01,* SCHNABEL ESTIMATE
LANGLADE,OTTER LAKE,387200,2005,85782,2005-04-13,2005-05-31,516,0.13,389,6.2,768,0.16,374,0.13,206,0.49,NA
LANGLADE,ROLLING STONE LAKE,389300,2012,296893684,2012-03-22,2012-03-28,30,0,30,0.04,NA,NA,4,0,30,0,PE REJECTED BY TWG
LANGLADE,ROSE LAKE,494200,2004,82320,2004-04-19,2004-06-10,803,0.1,648,7.2,867,0.13,412,0.11,243,0.19,NA
LANGLADE,ROSE LAKE,494200,2015,515079658,2015-04-14,2015-04-17,104,0.24,55,0.93,NA,NA,29,0.19,48,0.04,NA
LANGLADE,SAWYER LAKE,198100,2003,73364,2003-03-01,2003-05-15,907,0.09,NA,6.09,NA,NA,NA,NA,NA,NA,NA
LANGLADE,SAWYER LAKE,198100,2010,79141999,2010-04-03,2010-04-09,383,0.07,329,2.57,NA,NA,208,0.1,37,0.12,NA
LANGLADE,SUMMIT LAKE,1445600,2002,73081,2002-04-19,2002-05-08,65,0.11,50,0.23,62,0,37,0.18,31,0,NA
LANGLADE,UPPER POST LAKE,399200,1998,31340,1998-04-15,1998-04-15,1430,17.7,936,1.88,NA,NA,676,22.3,189,22,NA
LANGLADE,UPPER POST LAKE,399200,2008,905377,2008-04-28,2008-05-02,807,0.46,77.9,1.07,NA,NA,90,0.31,533,0.52,PE REJECTED BY TWG DUE TO DELAYED RECAP RUN AND ONLY ONE RECAP ENCOUNTERED
LANGLADE,WHITE LAKE,365500,2000,73058,2000-03-26,2000-04-26,66,0,66,0.39,96,0.18,35,0,33,0,* SCHNABEL ESTIMATE
IRON,BEARSKULL LAKE,2265100,2015,515079666,2015-04-12,2015-04-16,117,0.39,28,1.56,NA,NA,35,0.23,52,0.52,PE REJECTED FOR TREATY USE BY TWG
IRON,CEDAR LAKE,2309700,1995,73003,1995-04-28,1995-04-30,263,0.14,191.3,1.36,NA,NA,209,0.15,53,0.33,NA
IRON,CEDAR LAKE,2309700,2013,403234444,2013-05-09,2013-05-11,361,0.3,147,1.87,NA,NA,164,0.55,171,0.29,NA
IRON,FISHER LAKE,2307300,2013,403234445,2013-05-07,2013-05-10,267,0.3,109,0.65,NA,NA,25,0,266,0.34,REJECTED BY TWG
IRON,GILE FLOWAGE,2942300,2003,73107,2003-04-22,2003-05-20,8787,0.02,8363,2.59,21449,0.09,6180,0.02,5288,0.16,NA
IRON,ISLAND LAKE,2945500,1999,73040,1999-04-16,1999-04-21,1315,0.1,1033,3.73,NA,NA,1086,0.1,237,0.43,NA
IRON,ISLAND LAKE,2945500,2014,504052992,2014-05-08,2014-05-13,750,0.11,586,2.13,NA,NA,513,0.1,261,0.32,PE REJECTED FOR TREATY USE BY TWG
IRON,LAKE OF THE FALLS,2298300,2015,515079667,2015-04-14,2015-04-17,344,0.63,NA80,1.02,NA,NA,5,0.2,149,0.53,PE REJECTED FOR TREATY USE BY TWG
IRON,LONG LAKE,2303500,1996,31115,1996-05-15,1996-05-15,622,0.22,359,1.57,3321,0.17,415,0.25,135,0.31,NA
IRON,LONG LAKE,2303500,2001,31116,2001-04-30,2001-04-30,763,0.14,561,1.93,3241,0.18,344,0.17,301,0.18,NA
IRON,LONG LAKE,2303500,2010,79142023,2010-04-01,2010-04-07,589,0.14,426,1.49,NA,NA,87,0.26,519,0.17,NA
IRON,LONG LAKE,2303500,2015,515079668,2015-04-15,2015-04-18,385,0.16,267,0.97,NA,NA,148,0.15,185,0.27,NA
IRON,MCDERMOTT LAKE,2296500,2012,296893670,2012-04-03,2012-04-09,109,0.19,67,1.3,NA,NA,10,0,90,0.19,NA
IRON,OWL LAKE,2307600,1995,73004,1995-04-29,1995-05-02,228,0.12,173,1.76,NA,NA,171,0.1,42,0.31,NA
IRON,PINE LAKE,2949200,1998,73027,1998-04-12,1998-05-04,1412,0.12,1070,4.53,9253,0.13,1259,0.12,121,0.55,NA
IRON,PINE LAKE,2949200,2002,73080,2002-04-23,2002-05-28,1555,0.06,1366,4.98,7944,0.12,1445,0.06,118,0.3,NA
IRON,PINE LAKE,2949200,2005,85765,2005-04-13,2005-06-02,1738,0.07,1487,5.6,NA,NA,1681,0.08,59,0.29,NA
IRON,PINE LAKE,2949200,2008,905388,2008-04-30,2008-05-04,2752,0.07,2372,8.82,NA,NA,2504,0.07,353,0.4,NA
IRON,PINE LAKE,2949200,2011,181172744,2011-04-27,2011-05-01,2490,0.08,2093,7.98,NA,NA,2327,0.08,164,0.33,NA
IRON,PINE LAKE,2949200,2014,504052993,2014-05-09,2014-05-12,2064,0.12,1565,6.62,NA,NA,1870,0.13,131,0.43,NA
IRON,RANDALL LAKE,2318500,2012,296893671,2012-03-28,2012-04-03,322,0.23,174,2.8,NA,NA,145,0.25,191,0.47,NA
IRON,SANDY BEACH LAKE,2316100,1995,73005,1995-04-22,1995-04-26,306,0.08,256.9,2.75,NA,NA,213,0.08,112,0.23,NA
IRON,SHERMAN LAKE,1880700,1995,73245,1995-03-01,1995-05-15,800,0.08,673,6.5,5845,0.24,605,0.08,121,0.24,NA
IRON,SHERMAN LAKE,1880700,1996,73262,1996-03-01,1996-05-15,538,0.78,454.6,4.37,NA,NA,387,0.06,70,0.32,NA
IRON,SHERMAN LAKE,1880700,1997,73277,1997-03-01,1997-05-15,536,0.1,422.4,4.35,NA,NA,410,0.11,50,0.28,NA
IRON,SHERMAN LAKE,1880700,1998,73291,1998-03-01,1998-05-15,642,0.09,113.3,5.21,NA,NA,577,0.06,113,0.58,NA
IRON,SHERMAN LAKE,1880700,1999,73306,1999-03-01,1999-05-15,671,0.11,519,5.45,NA,NA,559,0.09,7,0,NA
IRON,SHERMAN LAKE,1880700,2000,73325,2000-03-01,2000-05-15,368,0.06,321.1,2.99,NA,NA,322,0.06,18,0,NA
IRON,SHERMAN LAKE,1880700,2001,73343,2001-03-01,2001-05-15,301,0.1,240.8,2.44,NA,NA,184,0.06,37,0.32,NA
IRON,SHERMAN LAKE,1880700,2002,73356,2002-03-01,2002-05-15,388,0.24,NA,3.15,NA,NA,NA,NA,NA,NA,NA
IRON,SHERMAN LAKE,1880700,2003,73371,2003-03-01,2003-05-15,580,0.1,NA,4.72,NA,NA,NA,NA,NA,NA,NA
IRON,SHERMAN LAKE,1880700,2004,82334,2004-04-23,2004-04-26,128,0.31,49.2,1.04,NA,NA,85,0.26,5,0.2,NA
IRON,SHERMAN LAKE,1880700,2005,85841,2005-04-12,2005-04-14,227,0.12,172,1.85,NA,NA,180,0.12,32,0.34,NA
IRON,SHERMAN LAKE,1880700,2006,95531,2006-04-13,2006-04-16,299,0.17,199,2.43,NA,NA,220,0.15,38,0.33,NA
IRON,SHERMAN LAKE,1880700,2007,96932,2007-04-08,2007-04-19,199,0.19,126.4,1.62,NA,NA,137,0.17,41,0.42,NA
IRON,SHERMAN LAKE,1880700,2013,403234469,2013-05-09,2013-05-10,434,0.09,358,3.45,NA,NA,385,0.07,24,0,NA
IRON,SPIDER LAKE,2306300,1998,31151,1998-04-30,1998-04-30,943,0.08,794,2.67,4469,0.1,850,0.08,92,0.18,NA
IRON,SPIDER LAKE,2306300,2007,96776,2007-04-22,2007-04-25,550,0.07,474.9,1.56,NA,NA,398,0.05,316,0.39,NA
IRON,SPIDER LAKE,2306300,2013,403234446,2013-05-11,2013-05-14,473,0.15,332,1.34,NA,NA,307,0.13,312,0.51,NA
IRON,TRUDE LAKE,2295200,1997,31335,1997-05-09,1997-05-09,3495,0.04,3192,4.47,24078,0.19,2931,0.04,737,0.2,NA
IRON,TRUDE LAKE,2295200,2009,23439585,2009-04-22,2009-04-27,4437,0.03,4166,5.6,NA,NA,3746,0.03,2116,0.35,NA
IRON,TURTLE FLAMBEAU FLOWAGE,2294900,1997,31339,1997-05-01,1997-05-01,54758,0.02,52400,4.04,186443,0.07,45777,0.02,18003,0.15,NA
IRON,TURTLE FLAMBEAU FLOWAGE,2294900,2009,23439586,2009-04-15,2009-04-29,54208,0.03,51468,4.13,NA,NA,43840,0.03,19971,0.15,NA
FOREST,ARBUTUS LAKE,181400,1999,31022,1999-04-12,1999-04-12,123,0.17,81,0.76,NA,NA,90,0.22,35,0.23,NA
FOREST,BUTTERNUT LAKE,692400,1995,73233,1995-03-01,1995-05-15,3644,0.06,3202,2.82,NA,NA,3083,0.05,1187,0.52,NA
FOREST,BUTTERNUT LAKE,692400,1996,73252,1996-03-01,1996-05-15,3416,0.11,2641,2.64,NA,NA,2674,0.11,315,0.61,NA
FOREST,BUTTERNUT LAKE,692400,1997,31043,1997-05-06,1997-05-06,6525,0.2,3917,5.05,12163,0.34,3114,0.11,4636,0.37,NA
FOREST,BUTTERNUT LAKE,692400,1998,73282,1998-03-01,1998-05-15,5138,0.05,589.4,3.97,NA,NA,4737,0.05,216,0.3,NA
FOREST,BUTTERNUT LAKE,692400,1999,73298,1999-03-01,1999-05-15,4395,0.04,3990,3.4,NA,NA,4018,0.04,497,0.43,NA
FOREST,BUTTERNUT LAKE,692400,2000,73310,2000-03-01,2000-05-15,3981,10.01,3199.9,3.08,NA,NA,3154,0.04,1131,0.48,NA
FOREST,BUTTERNUT LAKE,692400,2001,73335,2001-03-01,2001-05-15,2740,0.07,2347.4,2.12,NA,NA,1906,0.06,1152,0.35,NA
FOREST,BUTTERNUT LAKE,692400,2002,73347,2002-03-01,2002-05-15,2106,0.08,NA,1.63,NA,NA,NA,NA,NA,NA,NA
FOREST,BUTTERNUT LAKE,692400,2003,73362,2003-03-01,2003-05-15,1625,0.08,NA,1.26,NA,NA,NA,NA,NA,NA,NA
FOREST,BUTTERNUT LAKE,692400,2004,82322,2004-04-26,2004-06-10,1703,0.28,766,1.3,1405,0.22,580,0.09,1678,0.55,NA
FOREST,BUTTERNUT LAKE,692400,2005,85829,2005-04-17,2005-04-19,1135,0.32,433.2,0.88,NA,NA,523,0.15,378,0.59,NA
FOREST,BUTTERNUT LAKE,692400,2006,95528,2006-04-17,2006-04-20,1073,0.15,755.5,0.83,NA,NA,752,0.12,286,0.42,NA
FOREST,BUTTERNUT LAKE,692400,2014,504052981,2014-05-10,2014-05-12,3509,0.09,2861,2.72,NA,NA,2758,0.1,627,0.27,NA
FOREST,CRANE LAKE,388500,1999,73038,1999-04-15,1999-05-25,655,0.07,556,1.94,512,0.07,330,0.07,323,0.23,NA
FOREST,CRANE LAKE,388500,2006,95502,2006-04-15,2006-04-18,245,0.09,201,0.73,NA,NA,168,0.09,170,0.56,NA
FOREST,FRANKLIN LAKE,692900,1997,31072,1997-05-05,1997-05-05,1834,0.07,1581,2.06,67924,0.69,1346,0.06,500,0.26,NA
FOREST,FRANKLIN LAKE,692900,2002,73078,2002-04-23,2002-05-23,528,0.19,329,0.59,1270,0.48,115,0.2,403,0.23,NA
FOREST,FRANKLIN LAKE,692900,2004,82323,2004-04-27,2004-04-29,431,0.32,160.3,0.48,NA,NA,54,0.09,290,0.37,NA
FOREST,FRANKLIN LAKE,692900,2014,504052982,2014-05-09,2014-05-10,692,0.41,135,0.78,NA,NA,267,0.13,182,0.59,NA
FOREST,HOWELL LAKE,691800,2007,96781,2007-04-15,2007-04-19,408,0.1,324.9,2.31,NA,NA,297,0.09,134,0.45,NA
FOREST,JUNGLE LAKE,377900,1999,73039,1999-04-13,1999-06-09,1598,0.06,1400,8.78,3982,0.17,1237,0.06,691,0.42,NA
FOREST,JUNGLE LAKE,377900,2002,73348,2002-03-01,2002-05-15,2811,0.1,NA,15.44,NA,NA,NA,NA,NA,NA,NA
FOREST,JUNGLE LAKE,377900,2004,82318,2004-04-22,2004-04-24,2475,0.14,1819.5,13.6,NA,NA,2298,0.14,158,0.57,NA
FOREST,JUNGLE LAKE,377900,2007,96936,2007-04-13,2007-04-17,1903,0.1,1519,10.46,NA,NA,1780,0.1,92,0.41,NA
FOREST,LAKE LUCERNE,396500,2001,73336,2001-03-01,2001-05-15,1913,0.17,1241.2,1.86,NA,NA,1230,0.21,319,0.38,NA
FOREST,LAKE LUCERNE,396500,2006,95481,2006-04-19,2006-04-25,904,0.06,804.6,0.9,NA,NA,690,0.04,212,0.26,NA
FOREST,LILY LAKE,376900,2002,73349,2002-03-01,2002-05-15,1214,0.08,NA,5.75,NA,NA,NA,NA,NA,NA,NA
FOREST,LILY LAKE,376900,2006,95503,2006-04-15,2006-04-19,1718,0.11,1355.9,8.14,NA,NA,1258,0.08,470,0.34,NA
FOREST,METONGA LAKE,394400,1997,73269,1997-03-01,1997-05-15,7376,0.11,5715.9,3.7,NA,NA,6035,0.11,1433,0.49,NA
FOREST,METONGA LAKE,394400,1999,73299,1999-03-01,1999-05-15,4851,0.19,2950,2.43,NA,NA,4290,0.2,314,0.38,NA
FOREST,METONGA LAKE,394400,2001,31240,2001-04-24,2001-06-13,3518,0.12,2709,1.8,5166,0.22,1725,0.16,2075,0.35,NA
FOREST,METONGA LAKE,394400,2004,82319,2004-04-22,2004-06-10,1199,0.2,727,0.6,3659,0.33,591,0.21,399,0.31,NA
FOREST,METONGA LAKE,394400,2007,96782,2007-04-19,2007-04-27,1675,0.19,1060.7,0.84,NA,NA,1395,0.19,185,0.38,NA
FOREST,METONGA LAKE,394400,2010,79141998,2010-04-06,2010-04-19,3993,0.22,2270,2.01,NA,NA,2265,0.09,2426,0.65,NA
FOREST,METONGA LAKE,394400,2013,403234456,2013-05-10,2013-05-14,9836,0.21,5721,4.94,NA,NA,6476,0.29,6088,0.66,NA
FOREST,PINE LAKE,406900,2003,73106,2003-04-23,2003-05-07,1261,0.12,961.2,0.75,1206,0.38,452,0.12,1169,0.38,NA
FOREST,RANGE LINE LAKE,478200,1998,31135,1998-04-09,1998-04-09,178,27.3,83,2.17,442,0.22,115,27.1,54,46.7,NA
FOREST,RANGE LINE LAKE,478200,2014,504052979,2014-05-05,2014-05-07,376,0.18,244,4.58,NA,NA,239,0.27,190,0.36,NA
FOREST,ROBERTS LAKE,378400,1996,73253,1996-03-01,1996-05-15,1797,0.06,1581.3,4.34,NA,NA,1492,0.05,350,0.38,NA
FOREST,ROBERTS LAKE,378400,1999,31301,1999-04-17,1999-04-17,1515,0.12,1154,3.65,2365,0.19,1282,0.13,237,0.26,NA
FOREST,ROBERTS LAKE,378400,2002,73079,2002-04-20,2002-05-13,1084,0.09,887,2.61,4407,0.61,884,0.09,254,0.38,NA
FOREST,SILVER LAKE,555700,1998,31144,1998-04-11,1998-04-11,104,0.25,53,0.32,100,0.24,37,24.5,40,22.5,NA
FOREST,STEVENS LAKE,683000,1999,31155,1999-04-15,1999-04-15,1659,0.14,1204,5.58,2303,0.33,862,0.15,881,0.41,NA
FOREST,STEVENS LAKE,683000,2003,73363,2003-03-01,2003-05-15,1101,0.1,NA,3.71,NA,NA,NA,NA,NA,NA,NA
FOREST,STEVENS LAKE,683000,2008,905378,2008-04-29,2008-05-01,1100,0.13,812.3,3.7,NA,NA,479,0.12,1206,0.41,NA
FOREST,STEVENS LAKE,683000,2014,504052980,2014-05-06,2014-05-08,564,0.19,351,1.9,NA,NA,214,0.15,1022,0.69,NA
FOREST,TRUMP LAKE,479300,1998,31161,1998-04-12,1998-04-12,139,27.4,64,0.8,286,0.25,74,46.8,79,40.4,NA
FOREST,VAN ZILE LAKE,608400,2013,403234455,2013-05-03,2013-05-07,128,0.27,60,1.58,NA,NA,65,0.34,38,0.26,NA
FLORENCE,EMILY LAKE,651600,2002,73077,2002-04-19,2002-05-21,442,0.2,268,2.31,1704,0.45,241,0.22,88,0,NA
FLORENCE,EMILY LAKE,651600,2012,296893681,2012-03-22,2012-04-05,147,0.11,114,0.77,NA,NA,114,0.09,49,0.53,NA
FLORENCE,FAY LAKE,677100,1998,73026,1998-04-11,1998-06-15,113,36.2,33,0.46,835,0.51,17,0,44,33.4,NA
FLORENCE,FAY LAKE,677100,2007,96779,2007-04-18,2007-04-21,225,0.07,191.9,0.8,NA,NA,130,0.06,110,0.23,NA
FLORENCE,FAY LAKE,677100,2013,403234453,2013-05-03,2013-05-06,216,0.13,163,0.77,NA,NA,130,0.12,61,0.23,NA
FLORENCE,HALSEY LAKE,679300,1995,73002,1995-04-23,1995-04-26,195,0.17,131,0.37,NA,NA,118,0.16,29,0,NA
FLORENCE,HALSEY LAKE,679300,2013,403234454,2013-05-03,2013-05-06,688,0.12,521,1.34,NA,NA,263,0.12,465,0.25,NA
FLORENCE,KEYES LAKE,672900,1997,73018,1997-04-30,1997-05-04,196,0.12,151,0.97,568,0.33,93,0.04,67,0.21,NA
FLORENCE,KEYES LAKE,672900,2000,31092,2000-04-06,2000-04-09,355,0.17,235,1.76,803,0.25,333,0.17,15,0,NA
FLORENCE,KEYES LAKE,672900,2007,96780,2007-04-19,2007-04-23,358,0.12,270.4,1.77,NA,NA,161,0.13,356,0.48,NA
FLORENCE,KEYES LAKE,672900,2012,296893682,2012-03-22,2012-03-30,95,0.2,57,0.45,NA,NA,40,0.18,46,0.29,NA
FLORENCE,LONG LAKE,677400,2004,85756,2004-04-20,2004-05-17,8,0,8,0,13,0.39,3,0,6,0,NA
FLORENCE,PATTEN LAKE,653700,2000,31131,2000-04-08,2000-04-08,649,0.09,538,2.55,1344,0.21,566,0.09,88,0.29,NA
FLORENCE,PATTEN LAKE,653700,2004,82321,2004-04-21,2004-05-11,584,0.11,461,2.3,745,0.19,360,0.11,216,0.21,NA
FLORENCE,PATTEN LAKE,653700,2011,181172726,2011-04-25,2011-04-28,250,0.15,176,0.98,NA,NA,145,0.15,96,0.41,NA
FLORENCE,SEA LION LAKE,672300,2005,85779,2005-04-14,2005-04-18,54,0.24,28,0.4,NA,NA,29,0.19,19,0,NA
FLORENCE,SEA LION LAKE,672300,2012,296893683,2012-03-22,2012-03-26,33,0.16,23,0.26,NA,NA,13,0,29,0.37,NA
EAU CLAIRE,ALTOONA LAKE,2128100,2012,296893669,2012-03-14,2012-03-23,3035,0.21,1773,3.61,NA,NA,2580,0.24,345,0.33,NA
EAU CLAIRE,EAU CLAIRE LAKE,2133200,2013,403234443,2013-04-25,2013-04-30,5755,0.15,4079,6.69,NA,NA,4219,0.16,2570,0.59,NA
EAU CLAIRE,HALFMOON LAKE,2125400,2000,31080,2000-04-30,2000-04-30,241,0.08,205,1.83,NA,NA,176,0.08,57,0.18,NA
DUNN,TAINTER LAKE,2068000,1998,31329,1998-04-01,1998-04-01,501,0.35,344,0.28,30433,0.09,203,0.59,89,0.46,NA
DOUGLAS,AMNICON LAKE,2858100,1999,31020,1999-04-01,1999-04-01,1769,0.1,1416,4.15,4728,0.3,1603,0.1,152,0.44,NA
DOUGLAS,AMNICON LAKE,2858100,2006,95512,2006-04-12,2006-05-02,1239,0.1,1008,2.91,3204.19697,0.28,964,0.08,240,0.34,NA
DOUGLAS,BEAUREGARD LAKE,2452400,1995,31018,1995-04-23,1995-04-23,358,0.19,223.1,3.85,NA,NA,256,0.21,78,0.29,NA
DOUGLAS,BOND LAKE,2693700,2001,31011,2001-04-30,2001-04-30,344,0.4,78,1.17,602,0.25,126,NA,116,0.32,NA
DOUGLAS,BOND LAKE,2693700,2008,905387,2008-04-25,2008-04-29,521,0.38,134,1.78,NA,NA,432,0.45,77,0.39,NA
DOUGLAS,LAKE MINNESUING,2866200,1995,31103,1995-04-21,1995-04-21,611,0.14,440,1.41,3050,0.5,313,0.13,293,0.27,*MINNESUING AND PIPE LAKES VALUES CHANGED 1/2000 TO REFLECT HANDLING MORTALITY
DOUGLAS,LAKE MINNESUING,2866200,2000,31104,2000-04-30,2000-04-30,762,0.15,544,1.76,1197,0.22,523,0.12,332,0.52,NA
DOUGLAS,LAKE NEBAGAMON,2865000,1997,73268,1997-03-01,1997-05-15,1609,0.21,946.2,1.75,NA,NA,1332,0.21,154,0.36,NA
DOUGLAS,LAKE NEBAGAMON,2865000,1998,73025,1998-04-09,1998-05-13,1525,0.1,1218,1.67,5585,0.24,1267,0.11,232,0.48,NA
DOUGLAS,LAKE NEBAGAMON,2865000,1998,72991,1998-04-09,1998-05-13,2362,0.09,1939,2.58,6442,0.33,1699,0.08,664,0.28,NA
DOUGLAS,LAKE NEBAGAMON,2865000,2005,85763,2005-04-12,2005-05-26,1149,0.11,895,1.3,2714,0.24,744,0.12,459,0.34,NA
DOUGLAS,LAKE NEBAGAMON,2865000,2014,504052990,2014-05-08,2014-05-12,1212,0.26,595,1.33,NA,NA,570,0.31,401,0.33,NA
DOUGLAS,LOWER EAU CLAIRE LAKE,2741600,1995,31266,1995-04-23,1995-04-23,2036,0.08,1724.9,2.53,NA,NA,1681,0.08,870,0.59,NA
DOUGLAS,LOWER EAU CLAIRE LAKE,2741600,2001,73333,2001-03-01,2001-05-15,3821,0.11,2988,4.76,NA,NA,3252,0.1,385,0.62,NA
DOUGLAS,LOWER EAU CLAIRE LAKE,2741600,2007,96771,2007-04-15,2007-04-20,1994,0.08,1670.5,2.49,NA,NA,1510,0.09,575,0.25,NA
DOUGLAS,LYMAN LAKE,2856400,1996,31269,1996-05-08,1996-05-08,454,0.24,236,1.12,8831,0.12,233,0.29,151,0.27,NA
DOUGLAS,LYMAN LAKE,2856400,2012,296893668,2012-03-22,2012-03-30,227,0.39,54,0.56,NA,NA,182,0.47,34,0.38,REJECTED BY TWG
DOUGLAS,MINONG FLOWAGE,2692900,2005,85777,2005-04-05,2005-04-12,10954,0.15,7654,7,NA,NA,8398,0.2,2259,0.14,NA
DOUGLAS,MINONG FLOWAGE,2692900,2010,79142025,2010-03-24,2010-04-05,8679,0.19,5441,5.55,NA,NA,6497,0.22,1587,0.3,NA
DOUGLAS,UPPER SAINT CROIX LAKE,2747300,1997,31170,1997-04-25,1997-04-25,2467,0.06,2132,2.88,5375,0.14,1938,0.06,702,0.3,*UPPER ST. CROIX VALUES CHANGED 1/2000 TO REFLECT HANDLING MORTALITY
DOUGLAS,UPPER SAINT CROIX LAKE,2747300,2009,23439587,2009-04-17,2009-04-22,2570,0.08,2189,3.01,NA,NA,1533,0.07,1213,0.24,NA
DOUGLAS,UPPER SAINT CROIX LAKE,2747300,2015,515079665,2015-04-09,2015-04-15,1585,0.12,1224,1.85,NA,NA,1047,0.11,572,0.28,NA
DOUGLAS,WHITEFISH LAKE,2694000,2001,73334,2001-03-01,2001-05-15,974,0.12,741.7,1.17,NA,NA,913,0.12,32,NA,NA
DOUGLAS,WHITEFISH LAKE,2694000,2005,85764,2005-04-13,2005-06-01,880,0.14,639,1.1,3245,0.34,778,0.15,74,0.35,NA
DOUGLAS,WHITEFISH LAKE,2694000,2009,23439588,2009-04-17,2009-04-24,2613,0.2,1595,3.14,NA,NA,2338,0.2,126,0.36,NA
DOUGLAS,WHITEFISH LAKE,2694000,2014,504052991,2014-05-07,2014-05-10,2512,0.22,1429,3.02,NA,NA,1913,0.21,116,0.38,NA
CHIPPEWA,LAKE WISSOTA,2152800,1996,31247,1996-05-01,1996-05-01,10484,0.04,9658,1.74,NA,NA,8471,0.03,2919,0.31,NA
CHIPPEWA,LAKE WISSOTA,2152800,2006,95511,2006-04-07,2006-04-18,13017,0.07,11106.3,2.07,NA,NA,9552,0.07,4342,0.27,NA
CHIPPEWA,LAKE WISSOTA,2152800,2011,181172743,2011-04-12,2011-04-21,6437,0.09,5366,1.02,NA,NA,4291,0.07,10670,0.67,NA
CHIPPEWA,LAKE WISSOTA,2152800,2015,515079664,2015-04-07,2015-04-18,8389,0.13,6340,1.33,NA,NA,5649,0.12,1320,0.34,NA
CHIPPEWA,LONG LAKE,2351400,1995,31261,1995-04-27,1995-04-27,6541,0.04,6011,6.21,30342,0.2,5778,0.04,1684,0.53,NA
CHIPPEWA,LONG LAKE,2351400,2000,31262,2000-05-16,2000-05-16,5397,0.11,4188,5.13,17271,0.14,4864,0.12,653,0.39,NA
CHIPPEWA,LONG LAKE,2351400,2005,85827,2005-04-11,2005-04-13,3444,0.06,3012.7,3.27,NA,NA,3275,0.06,135,0.38,NA
CHIPPEWA,LONG LAKE,2351400,2008,905386,2008-04-30,2008-05-05,7083,0.14,5188,6.73,NA,NA,4717,0.16,1505,0.35,NA
CHIPPEWA,LONG LAKE,2351400,2012,296893666,2012-03-22,2012-03-30,3030,0.15,2118,2.88,NA,NA,2375,0.18,2185,0.68,NA
CHIPPEWA,OTTER LAKE (BROWN),2157000,2014,504052989,2014-04-23,2014-04-26,1692,0.36,503,2.56,NA,NA,947,0.45,357,0.41,PE REJECTED FOR TREATY USE BY TWG
CHIPPEWA,ROUND LAKE,2169200,2012,296893667,2012-03-22,2012-03-28,92,0.16,63,0.43,NA,NA,58,0.16,27,0.11,NA
BURNETT,BIG SAND LAKE,2676800,2001,73332,2001-03-01,2001-05-15,73,0.21,42.1,0.05,NA,NA,41,NA,9,0.38,NA
BURNETT,BIG SAND LAKE,2676800,2009,23439576,2009-04-11,2009-04-14,37,0.31,14,0.03,NA,NA,17,0,21,0.43,NA
BURNETT,CLAM RIVER FLOWAGE,2654500,1997,31205,1997-04-19,1997-04-19,743,0.2,449,2.07,1600,0.37,597,0.23,125,0.52,NA
BURNETT,CLAM RIVER FLOWAGE,2654500,2012,296893665,2012-03-20,2012-03-24,883,0.25,447,2.46,NA,NA,753,0.26,46,0.55,NA
BURNETT,DEVILS LAKE,2461100,1995,31059,1995-04-25,1995-04-25,943,0.11,732.1,0.94,1752,0.22,853,0.1,107,0.37,NA
BURNETT,DEVILS LAKE,2461100,2000,31060,2000-04-30,2000-04-30,622,0.08,525,0.62,1542,0.35,550,0.08,41,0,NA
BURNETT,DEVILS LAKE,2461100,2013,403234441,2013-05-06,2013-05-07,347,0.26,168,0.35,NA,NA,291,0.25,22,0.27,NA
BURNETT,LIPSETT LAKE,2678100,1997,31112,1997-04-18,1997-04-18,420,0.08,352,1.07,928,0.43,365,0.08,80,0.5,NA
BURNETT,LIPSETT LAKE,2678100,2004,82355,2004-04-10,2004-05-24,245,0.08,207,0.6,552,0.37,188,0.08,61,0.27,NA
BURNETT,LIPSETT LAKE,2678100,2007,96768,2007-04-03,2007-04-15,207,0.07,177.7,0.53,NA,NA,154,0.07,55,0.2,NA
BURNETT,LIPSETT LAKE,2678100,2010,79142020,2010-03-31,2010-04-04,275,0.13,203,0.7,NA,NA,154,0.11,177,0.45,NA
BURNETT,LIPSETT LAKE,2678100,2013,403234442,2013-05-04,2013-05-06,98,0.26,48,0.25,NA,NA,52,0.25,50,0.52,NA
BURNETT,LITTLE YELLOW LAKE,2674800,2008,905384,2008-04-26,2008-04-29,182,0.57,NA23,0.52,NA,NA,46,0.49,34,0.41,"REJECTED BY TWG; LATE RECAP, NO MALES HANDLED"
BURNETT,MCKENZIE LAKE,2706800,1996,31001,1996-05-04,1996-05-04,2327,0.09,1899,1.96,8067,0.35,1907,0.07,381,0.44,NA
BURNETT,MCKENZIE LAKE,2706800,2007,96765,2007-04-10,2007-04-16,1096,0.09,893.7,0.92,NA,NA,740,0.09,371,0.24,NA
BURNETT,MCKENZIE LAKE,2706800,2012,296893664,2012-03-26,2012-04-02,609,0.32,233,0.51,NA,NA,495,0.36,107,0.2,NA
BURNETT,MIDDLE MCKENZIE LAKE,2706500,1999,31123,1999-04-01,1999-04-01,813,0.21,486,1.53,426,0.07,559,0.2,205,0.49,NA
BURNETT,MIDDLE MCKENZIE LAKE,2706500,2003,73129,2003-04-16,2003-05-28,587,0.25,294,1.1,469,0.19,361,0.17,106,0.32,NA
BURNETT,POQUETTES LAKE,2491100,1997,73017,1997-04-16,1997-04-18,100,0.05,89,1.03,105,0.07,80,0.03,23,0.26,NA
BURNETT,SAND LAKE,2495100,2000,31139,2000-04-30,2000-04-30,697,0.28,314,0.72,542,0.21,359,0.13,236,0.44,NA
BURNETT,SAND LAKE,2495100,2006,95510,2006-04-11,2006-04-17,307,0.2,188,0.32,NA,NA,165,0.15,107,0.29,NA
BURNETT,SAND LAKE,2495100,2014,504052987,2014-05-03,2014-05-06,308,0.14,225,0.32,NA,NA,241,0.16,53,0.13,NA
BURNETT,YELLOW LAKE,2675200,1996,73251,1996-03-01,1996-05-15,8348,0.09,6723.2,3.65,NA,NA,6422,0.11,2640,0.36,NA
BURNETT,YELLOW LAKE,2675200,1997,73267,1997-03-01,1997-05-15,4725,0.08,3980.6,2.06,NA,NA,4075,0.08,573,0.42,NA
BURNETT,YELLOW LAKE,2675200,2008,905385,2008-04-17,2008-04-30,10464,0.07,9068,4.58,NA,NA,8856,0.07,2353,0.29,NA
BURNETT,YELLOW LAKE,2675200,2014,504052988,2014-04-22,2014-05-05,6987,0.09,5783,3.06,NA,NA,6083,0.09,930,0.37,NA
BAYFIELD,ATKINS LAKE,2734000,2015,515079662,2015-04-13,2015-04-18,156,0.14,113,0.89,NA,NA,70,0.16,91,0.22,NA
BAYFIELD,BONY LAKE,2742500,1998,73022,1998-04-03,1998-05-21,494,0.19,308,2.58,2044,0.46,370,0.18,132,0.55,NA
BAYFIELD,BONY LAKE,2742500,2004,82357,2004-04-17,2004-05-11,432,0.16,301,2.3,720,0.22,312,0.18,110,0.25,NA
BAYFIELD,BONY LAKE,2742500,2007,96767,2007-04-03,2007-05-16,575,0.17,388.8,3.01,448.6071429,0.17,390,0.16,208,0.47,NA
BAYFIELD,BONY LAKE,2742500,2010,79142017,2010-03-31,2010-04-12,378,0.15,267,1.98,NA,NA,218,0.21,150,0.19,NA
BAYFIELD,BONY LAKE,2742500,2013,403234438,2013-05-08,2013-05-11,419,0.22,239,2.19,NA,NA,289,0.23,110,0.4,NA
BAYFIELD,CISCO LAKE,2899200,1995,31049,1995-05-01,1995-05-01,184,0.08,154,1.94,NA,NA,116,0.11,64,0,NA
BAYFIELD,CISCO LAKE,2899200,2009,23439578,2009-04-18,2009-04-23,107,0.24,56,1.13,81,0.17,94,0.24,9,0,NA
BAYFIELD,CRYSTAL LAKE,2897300,1996,73010,1996-05-07,1996-05-23,185,0.07,158,1.66,NA,NA,170,0.07,17,0,NA
BAYFIELD,CRYSTAL LAKE,2897300,2003,73103,2003-04-22,2003-04-27,264,0.09,214,2.37,NA,NA,201,0.08,64,0.34,NA
BAYFIELD,CRYSTAL LAKE,2897300,2006,95518,2006-04-13,2006-04-19,203,0.12,156.7,1.83,NA,NA,155,0.11,53,0.38,NA
BAYFIELD,CRYSTAL LAKE,2897300,2009,23439579,2009-04-17,2009-04-21,278,0.18,181,2.5,NA,NA,204,0.2,64,0.29,NA
BAYFIELD,CRYSTAL LAKE,2897300,2012,296893662,2012-03-23,2012-03-28,59,0.18,38,0.53,NA,NA,56,0.19,7,0,NA
BAYFIELD,DIAMOND LAKE,2897100,1996,31062,1996-05-14,1996-05-14,1112,0.33,389,3.26,946,0.4,162,0.2,550,0.41,*DIAMOND LAKE VALUES CHANGED 1/2000 TO REFLECT HANDLING MORTALITY
BAYFIELD,DIAMOND LAKE,2897100,2003,73104,2003-04-25,2003-06-04,595,0.14,431,1.74,468,0.32,290,0.17,299,0.24,NA
BAYFIELD,DIAMOND LAKE,2897100,2006,95520,2006-04-13,2006-04-22,391,0.21,227.1,1.15,NA,NA,145,0.22,220,0.34,NA
BAYFIELD,DIAMOND LAKE,2897100,2009,23439580,2009-04-18,2009-04-25,359,0.43,60,1.05,NA,NA,22,0.31,335,0.5,PE REJECTED BY TREATY TWG; AUG. 2009
BAYFIELD,DIAMOND LAKE,2897100,2012,296893663,2012-03-22,2012-04-04,158,0.17,105,0.46,NA,NA,34,0.03,139,0.27,NA
BAYFIELD,DIAMOND LAKE,2897100,2015,515079663,2015-04-09,2015-04-17,435,0.19,276,1.28,NA,NA,20,0.3,411,0.19,NA
BAYFIELD,DRUMMOND LAKE,2899400,1998,73023,1998-04-07,1998-05-18,95,0.13,70,0.73,143,0.31,76,0.12,24,0.38,NA
BAYFIELD,DRUMMOND LAKE,2899400,2010,79142018,2010-04-01,2010-04-03,146,0.38,37,1.47,NA,NA,79,0.36,28,0.37,NA
BAYFIELD,EAGLE LAKE,2902900,2001,73066,2001-04-28,2001-05-31,201,0.29,84,1.01,166,0.28,80,0.21,154,0.59,"2902900 = WBIC FOR EAGLE LAKE, 2902800 = WBIC FOR FLYNN LAKE"
BAYFIELD,EAGLE LAKE,2902900,2010,79142031,2010-04-02,2010-04-07,63,0.15,45,0.32,NA,NA,40,0.13,20,0,NA
BAYFIELD,JACKSON LAKE,2734200,2002,73075,2002-04-20,2002-05-29,155,0.45,16,1.09,611,0.5,93,0.46,21,0.36,NA
BAYFIELD,LAKE OWEN,2900200,1999,73295,1999-03-01,1999-05-15,2399,0.57,2131,1.81,NA,NA,1722,0.04,334,0.23,NA
BAYFIELD,LAKE OWEN,2900200,2001,73330,2001-03-01,2001-05-15,2454,0.06,2148.9,1.85,NA,NA,1746,0.05,700,0.31,NA
BAYFIELD,LAKE OWEN,2900200,2003,73360,2003-03-01,2003-05-15,1532,0.08,NA,1.16,NA,NA,NA,NA,NA,NA,NA
BAYFIELD,LAKE OWEN,2900200,2007,96774,2007-04-21,2007-04-26,1495,0.13,1114.9,1.13,NA,NA,588,0.16,672,0.2,NA
BAYFIELD,LAKE OWEN,2900200,2013,403234439,2013-05-16,2013-05-21,1140,0.22,653,0.86,NA,NA,634,0.23,539,0.51,NA
BAYFIELD,LONG LAKE,2767100,1995,73231,1995-03-01,1995-05-15,181,0.09,148,0.68,NA,NA,154,0.08,27,0.2,NA
BAYFIELD,LONG LAKE,2767100,2011,181172741,2011-04-13,2011-04-20,115,0.35,36,0.44,NA,NA,115,0.46,16,0,PE REJECTED BY TWG AUG. 2011
BAYFIELD,MIDDLE EAU CLAIRE LAKE,2742100,1996,73249,1996-03-01,1996-05-15,5258,0.03,4847.1,5.82,NA,NA,4789,0.03,1034,0.43,NA
BAYFIELD,MIDDLE EAU CLAIRE LAKE,2742100,1998,73024,1998-04-04,1998-05-26,4099,0.05,3639,4.54,21783,0.3,3626,0.05,1529,0.63,NA
BAYFIELD,MIDDLE EAU CLAIRE LAKE,2742100,2004,82356,2004-04-17,2004-05-26,4128,0.06,3621,4.6,8477,0.16,3028,0.06,2140,0.35,NA
BAYFIELD,MIDDLE EAU CLAIRE LAKE,2742100,2007,96773,2007-04-12,2007-04-21,5925,0.14,4350.8,6.57,NA,NA,3963,0.09,2396,0.36,NA
BAYFIELD,MIDDLE EAU CLAIRE LAKE,2742100,2010,79142024,2010-04-02,2010-04-11,2087,0.1,1696,2.31,NA,NA,1511,0.1,518,0.23,NA
BAYFIELD,MIDDLE EAU CLAIRE LAKE,2742100,2013,403234440,2013-05-07,2013-05-15,2169,0.19,1370,2.41,NA,NA,1640,0.19,586,0.66,NA
BAYFIELD,NAMEKAGON LAKE,2732600,2000,73308,2000-03-01,2000-05-15,14216,0.03,13151.4,4.4,NA,NA,12940,0.03,4047,0.45,NA
BAYFIELD,NAMEKAGON LAKE,2732600,2002,73076,2002-04-19,2002-05-29,16450,0.04,15132,5.09,49821,0.06,13832,0.04,11570,0.37,NA
BAYFIELD,PIGEON LAKE,2489400,2003,73105,2003-04-19,2003-05-27,36,0.29,16,0.16,25,0,15,0.46,20,0,NA
BAYFIELD,PIKE LAKE,2904000,2001,73067,2001-04-24,2001-05-31,4272,0.03,3994,5.98,10777,0.13,3646,0.03,1224,0.28,"**INCLUDES BUSKEY BAY, HART, MILLICENT, AND TWIN BEAR NA 2904000 = WBIC FOR PIKE LAKE"
BAYFIELD,PIKE LAKE,2904000,2010,79142030,2010-04-01,2010-04-10,1451,0.07,1248,2.04,NA,NA,1181,0.05,280,0.31,NA
BAYFIELD,SISKIWIT LAKE,2882300,1995,73232,1995-03-01,1995-05-15,905,0.05,805,2.74,2340,0.18,685,0.05,327,0.31,NA
BAYFIELD,SISKIWIT LAKE,2882300,1996,73250,1996-03-01,1996-05-15,1274,0.1,1023.6,3.86,NA,NA,1112,0.1,132,0.35,NA
BAYFIELD,SISKIWIT LAKE,2882300,1997,73266,1997-03-01,1997-05-15,1443,0.08,1207.7,4.37,NA,NA,1173,0.07,568,0.54,NA
BAYFIELD,SISKIWIT LAKE,2882300,1998,73281,1998-03-01,1998-05-15,3569,0.25,1801.4,10.81,NA,NA,3045,0.26,212,0.42,NA
BAYFIELD,SISKIWIT LAKE,2882300,1999,73296,1999-03-01,1999-05-15,1574,0.1,1347,4.76,NA,NA,1424,0.07,134,0.4,NA
BAYFIELD,SISKIWIT LAKE,2882300,2000,73309,2000-03-01,2000-05-15,2195,6.98,1894.6,6.65,NA,NA,1923,0.06,325,0.5,NA
BAYFIELD,SISKIWIT LAKE,2882300,2001,73331,2001-03-01,2001-05-15,2108,0.13,1552.6,6.38,NA,NA,1974,0.13,576,0.45,NA
BAYFIELD,SISKIWIT LAKE,2882300,2002,73346,2002-03-01,2002-05-15,1842,0.14,NA,5.58,NA,NA,NA,NA,NA,NA,NA
BAYFIELD,SISKIWIT LAKE,2882300,2003,73361,2003-03-01,2003-05-15,964,0.09,NA,2.92,NA,NA,NA,NA,NA,NA,NA
BAYFIELD,SISKIWIT LAKE,2882300,2004,82359,2004-04-21,2004-04-22,897,0.14,644,2.72,NA,NA,692,0.14,152,0.46,NA
BAYFIELD,SISKIWIT LAKE,2882300,2005,85826,2005-04-11,2005-04-12,699,0.12,534.5,2.12,NA,NA,625,0.12,94,0.63,NA
BAYFIELD,SISKIWIT LAKE,2882300,2006,95532,2006-04-14,2006-04-16,988,0.13,735.2,2.99,NA,NA,809,0.13,72,0.38,NA
BAYFIELD,SISKIWIT LAKE,2882300,2007,96925,2007-04-16,2007-04-18,818,0.08,682.3,2.48,NA,NA,667,0.08,340,0.63,NA
BAYFIELD,SISKIWIT LAKE,2882300,2008,905383,2008-04-27,2008-05-01,856,0.06,749,2.59,NA,NA,607,0.06,657,0.45,NA
BAYFIELD,UPPER EAU CLAIRE LAKE,2742700,1999,73297,1999-03-01,1999-05-15,1688,0.06,1479,1.63,NA,NA,1067,0.05,562,0.12,NA
BAYFIELD,UPPER EAU CLAIRE LAKE,2742700,2004,82358,2004-04-18,2004-05-17,2015,0.09,1674,2,6690,0.3,1440,0.07,760,0.3,NA
BAYFIELD,UPPER EAU CLAIRE LAKE,2742700,2011,181172742,2011-04-14,2011-04-21,558,0.11,435,0.56,NA,NA,318,0.14,1095,0.64,NA
BARRON,BEAR LAKE,2105100,1996,31183,1996-05-04,1996-05-04,2082,0.1,1643,1.53,3256,0.21,1328,0.06,769,0.42,NA
BARRON,BEAR LAKE,2105100,2000,31184,2000-04-30,2000-04-30,1655,0.05,1493,1.21,2292,0.17,1295,0.04,266,0.18,NA
BARRON,BEAR LAKE,2105100,2008,905380,2008-04-28,2008-05-03,661,0.18,434,0.49,NA,NA,427,0.12,101,0.42,NA
BARRON,BEAR LAKE,2105100,2014,504052986,2014-04-30,2014-05-04,911,0.22,512,0.67,NA,NA,79,0.19,842,0.44,NA
BARRON,BEAVER DAM LAKE,2081200,2006,95517,2006-04-13,2006-04-20,761,0.2,467.9,0.68,NA,NA,219,0.14,521,0.32,NA
BARRON,BEAVER DAM LAKE,2081200,2013,403234436,2013-05-09,2013-05-16,419,0.22,236,0.38,NA,NA,281,0.28,92,0.38,NA
BARRON,BIG MOON LAKE,2079000,2008,905381,2008-04-25,2008-04-30,107,0.11,85,0.56,NA,NA,94,0.12,15,0.2,NA
BARRON,DUCK LAKE,2100300,2009,23439581,2009-04-12,2009-04-15,544,0.1,435,5.44,761,0.23,486,0.1,66,0.49,NA
BARRON,GRANITE LAKE,2100800,2005,85758,2005-04-12,2005-06-02,605,0.14,445,3.9,1418,0.18,479,0.13,115,0.55,NA
BARRON,HEMLOCK LAKE,2109800,2005,85759,2005-04-12,2005-04-14,162,0.19,101,0.5,NA,NA,81,0.22,61,0.35,NA
BARRON,HEMLOCK LAKE,2109800,2010,79142019,2010-04-01,2010-04-09,207,0.28,93,0.58,NA,NA,74,0.3,192,0.5,NA
BARRON,HORSESHOE LAKE,2469800,1995,73230,1995-03-01,1995-05-15,391,0.18,250,3.4,NA,NA,250,0.22,47,0.39,NA
BARRON,HORSESHOE LAKE,2469800,2013,403234437,2013-05-07,2013-05-09,136,0.16,92,1.18,NA,NA,30,0.16,48,0.16,NA
BARRON,LAKE CHETEK,2094000,2012,296893655,2012-03-25,2012-04-02,319,0.51,0,0.41,NA,NA,90,0.08,44,0.25,REJECTED BY TWG
BARRON,LAKE MONTANIS,2103200,2010,79142022,2010-03-30,2010-04-03,279,0.17,189,1.4,NA,NA,90,0.19,201,0.28,NA
BARRON,LOWER TURTLE LAKE,2079700,1999,73036,1999-04-06,1999-05-10,379,0.19,237,1.37,288,0.17,260,0.15,97,0.45,NA
BARRON,LOWER TURTLE LAKE,2079700,2004,82335,2004-04-10,2004-05-25,299,0.08,254,1.1,875,0.31,209,0.07,170,0.38,NA
BARRON,LOWER TURTLE LAKE,2079700,2011,181172739,2011-04-15,2011-04-18,1456,0.35,449,5.28,NA,NA,611,0.07,743,0.49,PE REJECTED BY TWG AUG. 2011
BARRON,MUD LAKE,2094600,2012,296893656,2012-03-25,2012-04-02,266,0.19,166,0.46,NA,NA,124,0.17,57,0,NA
BARRON,POKEGAMA LAKE,2094300,2001,31294,2001-04-30,2001-04-30,1108,0.25,571,2.18,NA,NA,663,0.44,394,0.39,NA
BARRON,POKEGAMA LAKE,2094300,2012,296893658,2012-03-25,2012-04-02,229,0.26,113,0.45,NA,NA,152,0.33,66,0.36,NA
BARRON,POSKIN LAKE,2098000,2010,79142026,2010-04-05,2010-04-07,104,0.25,53,0.69,NA,NA,53,0.27,45,0.3,NA
BARRON,PRAIRIE LAKE,2094100,2001,31295,2001-04-30,2001-04-30,2724,0.14,1953,1.77,NA,NA,1395,0.12,1190,0.48,NA
BARRON,PRAIRIE LAKE,2094100,2012,296893659,2012-03-24,2012-04-02,769,0.11,599,0.5,NA,NA,558,0.12,173,0.36,NA
BARRON,RED CEDAR LAKE,2109600,2001,73329,2001-03-01,2001-05-15,3565,0.05,3155.2,1.93,NA,NA,2892,0.04,1265,0.36,NA
BARRON,RED CEDAR LAKE,2109600,2005,85760,2005-04-13,2005-05-31,3733,0.08,3133,2,5534,0.24,2848,0.08,2196,0.5,NA
BARRON,RED CEDAR LAKE,2109600,2010,79142027,2010-04-01,2010-04-11,4542,0.08,3836,2.47,NA,NA,3609,0.08,2959,0.56,NA
BARRON,SAND LAKE,2661100,1999,31314,1999-04-01,1999-04-01,723,0.1,570,2.24,2018,0.2,562,0.12,183,0.32,NA
BARRON,SAND LAKE,2661100,2012,296893660,2012-03-26,2012-04-09,55,0.36,16,0.17,NA,NA,9,0,63,0.58,NA
BARRON,SILVER LAKE,1881100,2009,23439584,2009-04-14,2009-04-21,588,0.12,450,1.74,NA,NA,451,0.11,186,0.51,NA
BARRON,STAPLES LAKE,2631200,2008,905382,2008-04-25,2008-04-29,172,0.49,7,0.56,NA,NA,4,0,105,0.47,"REJECTED BY TWG; HIGH CV, LATE RECAP, NO MALES HANDLED"
BARRON,TENMILE LAKE,2089500,2012,296893661,2012-03-26,2012-03-30,59,0.41,11,0.16,NA,NA,14,0,20,0.36,REJECTED BY TWG
BARRON,UPPER TURTLE LAKE,2079800,1999,73037,1999-04-07,1999-05-19,1503,0.07,1284,3.43,2201,0.15,1239,0.06,299,0.31,NA
BARRON,UPPER TURTLE LAKE,2079800,2011,181172740,2011-04-18,2011-04-23,469,0.18,303,1.07,NA,NA,212,0.16,258,0.31,NA
ASHLAND,BEAR LAKE,2403200,2008,905379,2008-04-26,2008-04-30,171,0.54,NA8,0.84,1319,0.41,9,0.39,134,0.52,"REJECTED BY TWG, HIGH CV AND ONLY 3 MALES HANDLED"
ASHLAND,ENGLISH LAKE,2914800,1999,31066,1999-04-01,1999-04-01,397,0.16,275,1.63,613,0.25,188,0.15,202,0.28,NA
ASHLAND,ENGLISH LAKE,2914800,2011,181172738,2011-04-17,2011-04-22,187,0.09,156,0.77,NA,NA,46,0.11,151,0.13,NA
ASHLAND,GORDON LAKE,2406500,2012,296893654,2012-03-21,2012-03-26,371,0.22,215,2.61,NA,NA,242,0.23,69,0.35,NA
ASHLAND,LAKE GALILEE,2935500,2014,504052985,2014-05-07,2014-05-11,471,0.41,92,2.21,NA,NA,177,0.41,175,0.47,PE REJECTED FOR TREATY USE BY TWG
ASHLAND,MINERAL LAKE,2916900,1996,31124,1996-05-12,1996-05-12,628,0.11,488,2.79,1360,0.19,457,0.09,96,0.32,NA
ASHLAND,MINERAL LAKE,2916900,2006,95516,2006-04-14,2006-05-08,904,0.15,646,4.02,2500.973856,0.1,391,0.15,585,0.27,NA
ASHLAND,POTTER LAKE,2917200,2003,73102,2003-04-25,2003-05-22,109,0.21,64,3.75,122,0.23,36,0.22,91,0.39,NA
ASHLAND,SPILLERBERG LAKE,2936200,2007,96777,2007-04-14,2007-05-10,386,0.14,276.8,5.14,528.0625,0.15,289,0.15,130,0.6,NA
